企业代号,TOPSIS得分,D_pos,D_neg,排名,风险等级,企业名称,初始额度,贷款额度_万元,贷款年利率,预计流失率
E198,0.9092472573839292,0.007702558666387996,0.07717155581601005,1,A,***商贸有限公司,201.8598604568979,100.0,0.04,0.06004238009499108
E230,0.8951671618202176,0.00901954816620183,0.07701788364246308,2,A,***建筑劳务有限公司,198.73397131879025,100.0,0.04,0.06004238009499108
E307,0.8704787450323616,0.011427494861201667,0.07680122762961178,3,A,***通信工程有限公司,193.25295355687027,100.0,0.04,0.06004238009499108
E153,0.8662606448597576,0.011873988738301932,0.07691056331707904,4,A,个体经营E153 ,192.31650298710463,100.0,0.04,0.06004238009499108
E276,0.6409574310731202,0.028341274163674796,0.05059441930683005,5,A,***体育设施工程有限公司,142.29746259283976,100.0,0.04,0.06004238009499108
E245,0.6403499497635332,0.028395429118283834,0.05055751166293971,6,A,***建筑劳务有限公司,142.162597085809,100.0,0.04,0.06004238009499108
E362,0.554709373707319,0.03518913088222496,0.043835957014181415,7,A,***建材有限公司,123.14973277220663,100.0,0.04,0.06004238009499108
E299,0.5372926032031791,0.036494189728258464,0.042376798678013756,8,A,***压缩天然气有限责任公司,119.28307622194004,100.0,0.04,0.06004238009499108
E332,0.5238622794455696,0.037726969898212795,0.04150844512894001,9,A,***商贸有限公司,116.30144140524324,100.0,0.04,0.06004238009499108
E163,0.46938971161284215,0.04204259498871453,0.03719181849487459,10,A,***物流有限公司,104.20811381789336,100.0,0.04125094598825236,0.07977736265716318
E227,0.46217161672924495,0.042617350393305914,0.03662233222465546,11,A,***安全技术有限公司,102.60564142753417,100.0,0.041435574844695115,0.08266982375430232
E226,0.44706166921097346,0.043718099290910986,0.03534695526684876,12,A,***建设工程有限公司,99.25111726176982,99.25111726176982,0.04182206634642753,0.0887078703382761
E391,0.4356497678272821,0.04489673282423879,0.034658001567184765,13,A,***五金店,96.71758768315145,96.71758768315145,0.042113966956808316,0.09325301941206843
E297,0.40142672519598394,0.04766828899307339,0.031968225030511895,14,A,***建筑机械租赁有限公司,89.11980990173625,89.11980990173625,0.04298934492383489,0.10680534713419998
E402,0.3633190632739412,0.050668918574142185,0.028913986537941014,15,A,***商贸有限公司,80.6596168624362,80.6596168624362,0.043964086064791956,0.12175818733255539
E150,0.33152152976784727,0.05376211071033343,0.026662485001272128,16,A,***建设工程有限公司,73.6003206981769,73.6003206981769,0.04477742287230211,0.1341239095285215
E273,0.3113904051759395,0.05667707913736817,0.02562946954185717,17,A,个体经营E273 ,69.13105673508853,69.13105673508853,0.045292349119774526,0.14190042822806703
E380,0.3107208688955373,0.05520267354150536,0.024884871620425852,18,A,***建材有限公司,68.98241454888972,68.98241454888972,0.045309474929256265,0.14215836937653492
E239,0.2669107428721298,0.05862541472982063,0.021344949260378727,19,A,个体经营E239 ,59.25623077009171,59.25623077009171,0.046430077193254725,0.15893895228612043
E309,0.25301450001292514,0.060054349051219466,0.020341253075272403,20,A,个体经营E309 ,56.17115834160292,56.17115834160292,0.04678552381307903,0.16422153803613182
E158,0.2508009541106077,0.06036447148610993,0.020207536469999798,21,A,***装饰工程有限公司,55.67973418461141,55.67973418461141,0.046842143247322984,0.16506122348443053
E377,0.2480836359287949,0.05977974629006028,0.01972343936530504,22,A,***文化传播有限公司,55.076468720192075,55.076468720192075,0.04691164847780136,0.16609133983317803
E320,0.23632323710360773,0.06112064549125765,0.018914060893477358,23,A,***建筑设计有限公司,52.46557003835272,52.46557003835272,0.04721246316940914,0.17054111299671249
E340,0.2331353336878618,0.061221618817142234,0.018612048721039914,24,A,***物流有限公司,51.757831044996784,51.757831044996784,0.04729400531752313,0.1717449352580097
E418,0.22403716171807675,0.06208624501957946,0.01792563435990991,25,A,***营销策划有限公司,49.73796713084237,49.73796713084237,0.0475267239383767,0.17517501637078936
E154,0.2160853965555891,0.06541487058720556,0.018031553678628735,26,A,***汽车销售服务有限公司,47.972614315037276,47.972614315037276,0.04773011906303594,0.17816611542088956
E267,0.21608282558743452,0.063176123760608,0.017414180703571557,27,A,***林园艺场,47.972043540400676,47.972043540400676,0.047730184824835695,0.17816708148196503
E266,0.2120169031369586,0.0641087041404972,0.017249264571920338,28,A,***煤矿机械有限公司,47.069377591379194,47.069377591379194,0.04783418548214517,0.17969405615702283
E186,0.20970217900074176,0.06461966172721123,0.01714655350226475,29,A,***建筑劳务有限公司,46.55549109093782,46.55549109093782,0.04789339291528952,0.18056262240704868
E311,0.20530132627938982,0.06611398850627144,0.01707979385747633,30,A,***律师事务所,45.5784680545644,45.5784680545644,0.04800596062441768,0.18221250029035152
E366,0.2034841250245259,0.06436757393446944,0.016443839819777973,31,A,***房地产经纪有限公司,45.17503544726202,45.17503544726202,0.04805244211226488,0.18289320340848692
E417,0.2028751803060036,0.06388982245972137,0.016260513950889535,32,A,***园林景观工程有限公司,45.039845052230696,45.039845052230696,0.04806801807362736,0.18312123338150443
E421,0.19171545048496333,0.06528392908537521,0.015484568994348039,33,A,***保温材料有限公司,42.56229949339854,42.56229949339854,0.04835346848516891,0.1872936231177197
E424,0.18970678781759942,0.06487845937897403,0.01518942025219534,34,A,***贸易有限公司,42.11636098498262,42.11636098498262,0.04840484729041258,0.18804329776192752
E301,0.1892790410779385,0.06860519699255031,0.016017256932617865,35,A,***企业管理咨询有限公司,42.021397930128565,42.021397930128565,0.04841578845877685,0.1882028896325375
E194,0.1890136429431892,0.07516444563010354,0.01751830417950658,36,A,***文化传播有限公司,41.96247750995578,41.96247750995578,0.0484225769749866,0.18830190020828708
E201,0.18798721209051628,0.06754231968914219,0.015636567016606626,37,A,***物流有限责任公司,41.73460199314053,41.73460199314053,0.04844883165265469,0.1886847586518049
E167,0.18790552763895071,0.07515946579611296,0.017390684899529007,38,A,***体育文化股份有限公司,41.71646741878727,41.71646741878727,0.04845092102763866,0.18871522240607475
E238,0.18762487270227962,0.07473922825007841,0.01726165377925023,39,A,个体经营E238 ,41.65415987164551,41.65415987164551,0.04845809979168211,0.1888198859936917
E193,0.18677963011257462,0.07468163183272876,0.01715280148706989,40,A,个体经营E193 ,41.46650953800471,41.46650953800471,0.04847971992487107,0.18913505155085863
E129,0.18623928081577057,0.07335387784535882,0.016787949003808672,41,A,个体经营E129 ,41.34654785237404,41.34654785237404,0.04849354131048008,0.18933649413336784
E135,0.18609801653598843,0.06893762368957372,0.01576253073955226,42,A,***建设工程有限公司,41.315186099481416,41.315186099481416,0.04849715465483936,0.18938915273854184
E353,0.18599472819436944,0.06648319621521505,0.015190963053731318,43,A,***税务师事务所有限公司,41.29225529594397,41.29225529594397,0.048499796627368745,0.1894276539196097
E134,0.18596606301343152,0.07348453009130847,0.01678754181190625,44,A,***工程咨询有限公司,41.28589140605911,41.28589140605911,0.04850052984294178,0.1894383388020756
E209,0.1840476665245057,0.07253440160419129,0.01636098925183564,45,A,***工程检测有限公司,40.85999268114048,40.85999268114048,0.048549599764529966,0.1901532300944473
E204,0.18378920188727976,0.07186680081082394,0.016182513137236572,46,A,***科技发展有限公司,40.802611550562666,40.802611550562666,0.04855621093148904,0.19024951892691377
E130,0.18307867266280448,0.06813926843000283,0.0152705608274936,47,A,个体经营E130 ,40.644868616571536,40.644868616571536,0.0485743852836276,0.19051418620944072
E137,0.18307064808695836,0.06898233951934836,0.015458670413529179,48,A,***建设工程有限公司,40.64308709922588,40.64308709922588,0.048574590541148564,0.1905171750208665
E197,0.18272292920751995,0.0748857755793586,0.01674260634348788,49,A,***医疗设备有限公司,40.56589084274927,40.56589084274927,0.048583484707837916,0.1906466792533289
E253,0.181028929296513,0.06872987509467086,0.01519235067532205,50,A,***钢结构工程有限公司,40.18980987811297,40.18980987811297,0.04862681487617556,0.1912774187614853
E278,0.18033327891459222,0.06731380657471717,0.014809579483435597,51,A,***贸易有限公司,40.03537016121423,40.03537016121423,0.04864460864815685,0.19153635230449995
E131,0.17786246254280463,0.07490029587600094,0.01620404185763603,52,A,个体经营E131 ,39.48682998803991,39.48682998803991,0.04870780870420485,0.1924556433228124
E169,0.17785188805052088,0.0715357882603921,0.015475040105759964,53,A,***建筑设计有限公司,39.48448236970016,39.48448236970016,0.04870807918505185,0.19245957635269384
E176,0.17768300051956235,0.07225372648208257,0.015612299062487772,54,A,***科技有限公司,39.44698804331607,39.44698804331607,0.0487123990938659,0.19252239011862837
E180,0.17610816121778028,0.07322807181046252,0.015652614177032717,55,A,***电气有限公司,39.09736164728556,39.09736164728556,0.048752681299081835,0.193107977468862
E145,0.17560748393616782,0.07315779715175062,0.015583664865701827,56,A,***工贸有限公司,38.98620745311067,38.98620745311067,0.048765487929562826,0.19329409707405287
E295,0.1755531128601875,0.06843482900728962,0.014572130051898637,57,A,***电器设备制造有限公司,38.97413665749249,38.97413665749249,0.04876687866627988,0.19331430723375753
E141,0.17528083206067807,0.07587865731465174,0.016126791648351447,58,A,***食品有限公司,38.9136882329878,38.9136882329878,0.04877384323150872,0.1934155117177332
E171,0.17486319719045032,0.07620581485828143,0.016149555304344247,59,A,***质量检验测试站,38.8209700906547,38.8209700906547,0.0487845257522769,0.19357072868324288
E312,0.1729131669977131,0.07135519666110565,0.014917723924620025,60,A,***家居用品有限公司,38.388048441019784,38.388048441019784,0.04883440482013622,0.19429524043685498
E206,0.17288789095003368,0.07338621863730761,0.015339623765846357,61,A,***建设工程有限公司,38.382436964695785,38.382436964695785,0.048835051346380845,0.1943046289716459
E175,0.17264360717863034,0.07628488079632473,0.015918287582160275,62,A,***食品集团有限公司,38.328204095025946,38.328204095025946,0.04884129978645943,0.1943953624402629
E165,0.17258123985435822,0.07385518577070797,0.01540455709239562,63,A,***文化传媒股份有限公司,38.314358070996285,38.314358070996285,0.0488428950561179,0.1944185263617365
E195,0.17249233944293568,0.07443497527632796,0.01551582376064963,64,A,***医药有限公司,38.29462149824494,38.29462149824494,0.04884516900534729,0.19445154429611822
E330,0.17241883137767675,0.07617918474384325,0.015871223883335832,65,A,***酒店管理有限公司,38.27830214432319,38.27830214432319,0.04884704923970926,0.19447884486062894
E406,0.17193933387025945,0.06702729675958627,0.013917614043705565,66,A,***招投标代理有限公司,38.171850022361156,38.171850022361156,0.048859314120940286,0.19465691481997294
E308,0.17182471824880086,0.07370929658592584,0.015292751905627216,67,A,***餐饮文化服务有限公司,38.146404475876494,38.146404475876494,0.04886224582957832,0.19469947597289083
E228,0.17112331853072338,0.07236387800515995,0.014939673443394356,68,A,***文化发展有限公司,37.99068836228272,37.99068836228272,0.04888018666160481,0.19495990383376272
E220,0.17092248132259474,0.07418017063910085,0.01529297145916465,69,A,***文化传播有限公司,37.94610096267478,37.94610096267478,0.04888532379885029,0.19503446509935973
E225,0.16987283224458324,0.0758373748540014,0.015518959211125387,70,A,***物业服务有限责任公司***分公司,37.713070821868264,37.713070821868264,0.048912172366521504,0.1954240840635333
E173,0.1693286453390747,0.07396492446189913,0.015077419476987671,71,A,***贸易有限责任公司,37.592257157690184,37.592257157690184,0.04892609191283884,0.19562603729658445
E188,0.1690436244734684,0.07390276568274078,0.01503423252719851,72,A,***硬质合金有限公司,37.528980340860265,37.528980340860265,0.048933382351289405,0.1957317995907113
E181,0.1676107673839745,0.07278704125471382,0.014656474834459213,73,A,***食品有限公司,37.21087508424162,37.21087508424162,0.04897003284842825,0.1962633648124329
E132,0.16735078616643162,0.07414900127623196,0.014902906831439675,74,A,个体经营E132 ,37.15315726120895,37.15315726120895,0.04897668280740851,0.19635979134988346
E174,0.1669854446932124,0.07211135040204515,0.01445538476801145,75,A,***工程技术有限公司,37.07204865383703,37.07204865383703,0.04898602773560623,0.19649528438399289
E196,0.1667761870945664,0.07617608296735993,0.015247231858143629,76,B,***地质制图印刷厂,37.02559186299252,37.02559186299252,0.07399138025476301,0.47279928007530314
E221,0.16598638326976514,0.0751195518166415,0.014950382666141925,77,B,***测绘服务有限公司,36.850249360094665,36.850249360094665,0.07401158234123303,0.4730043898719065
E325,0.16598245146632473,0.07616280521002756,0.015157581685827213,78,B,***通讯器材有限公司,36.84937646959389,36.84937646959389,0.07401168291131208,0.4730054108113171
E289,0.16581196318462782,0.07439066771939752,0.014786669327288199,79,B,***运业有限公司***分公司,36.81152676427623,36.81152676427623,0.07401604376510995,0.4730496787946683
E258,0.1654593565977144,0.0732317877183267,0.014519226324288035,80,B,***国际货运有限公司,36.73324539927623,36.73324539927623,0.07402506295257781,0.47314122634682443
E213,0.1640716191718808,0.07475025774934586,0.014671586829365434,81,B,***科技有限公司,36.42515705382928,36.42515705382928,0.07406055935129609,0.47350141846705274
E125,0.16386947224966258,0.07496033962206669,0.014691140779865615,82,B,个体经营E125 ,36.38027888765459,36.38027888765459,0.07406572998921156,0.4735538721257009
E235,0.16330543680496268,0.07254410677394779,0.014159106041165756,83,B,个体经营E235 ,36.25505869563833,36.25505869563833,0.07408015723363373,0.4737002104403798
E246,0.16312783756712626,0.07273371313441344,0.014177665209166577,84,B,***物业服务有限公司,36.215630303552715,36.215630303552715,0.07408469997582756,0.4737462824938776
E161,0.16309751892840932,0.0705870803578111,0.013756175821128234,85,B,***建筑劳务有限责任公司,36.20889933336727,36.20889933336727,0.07408547548455743,0.4737541473484921
E339,0.16302414988608008,0.069204459637332,0.01347947876771595,86,B,***居益卫浴家俬厂,36.19261084360152,36.19261084360152,0.07408735216290567,0.47377317942328445
E147,0.16272851206606298,0.07557815159091641,0.014689046898565332,87,B,***装饰工程有限责任公司,36.126976981514176,36.126976981514176,0.07409491416832555,0.47384986361017045
E259,0.16223509789245202,0.0740964232685594,0.014348942587847987,88,B,***文化传媒有限公司,36.01743525298685,36.01743525298685,0.07410753501857698,0.47397783082663647
E310,0.16217584277822517,0.07580083722516529,0.014672607079091689,89,B,***律师事务所,36.00428016344212,36.00428016344212,0.07410905068221876,0.4739931972150502
E338,0.16204565409280222,0.06938238123661249,0.013417334016963493,90,B,***商贸有限公司,35.975377277390905,35.975377277390905,0.07411238072823492,0.47402695742255285
E162,0.1612178199595434,0.07563902718940475,0.014538171360231208,91,B,***网络信息安全有限公司,35.79159175451578,35.79159175451578,0.07413355557725156,0.4742415940702802
E143,0.16074790549279383,0.07394479699916032,0.014163171373059688,92,B,***电子科技有限公司,35.68726714103532,35.68726714103532,0.07414557533759289,0.4743634040121436
E386,0.16030007830391868,0.06954127514498006,0.01327554232538007,93,B,个体经营E386 ,35.587846072540444,35.587846072540444,0.07415703013599875,0.4744794702833215
E261,0.16020179766411677,0.07354853652455456,0.014030284577920606,94,B,***医疗器械有限公司,35.56602701719008,35.56602701719008,0.07415954401846078,0.47450493992736287
E208,0.16013639931236442,0.07197291428373999,0.013723041851056661,95,B,个体经营E208 ,35.551508081827194,35.551508081827194,0.0741612168175985,0.4745218875783406
E256,0.15990029453415422,0.07341642645078028,0.013973708283370058,96,B,***物资有限公司,35.49909101133765,35.49909101133765,0.07416725605037455,0.47458306976947684
E160,0.15987586064408257,0.07432334196495341,0.014143752935966262,97,B,***钢结构工程有限公司,35.49366650045766,35.49366650045766,0.07416788103539554,0.4745894010777181
E156,0.15935200273881495,0.07098565852320933,0.01345593742953098,98,B,个体经营E156 ,35.377366030153446,35.377366030153446,0.07418128059408073,0.4747251303429272
E185,0.15918735720902408,0.07369505088126121,0.013952359648437055,99,B,***生态魔芋有限公司,35.34081346054322,35.34081346054322,0.07418549199838809,0.47476778423275867
E159,0.15917103218040918,0.0760841836214556,0.014402926758143387,100,B,个体经营E159 ,35.33718917906048,35.33718917906048,0.0741859095699791,0.4747720133445563
E348,0.15897464005631132,0.07611221051489382,0.014387094428764426,101,B,***酒店管理有限公司,35.29358862217864,35.29358862217864,0.0741909330081399,0.4748228882285426
E133,0.15860444941410334,0.07130344553674253,0.013440817119615886,102,B,个体经营E133 ,35.21140346212267,35.21140346212267,0.0742004019713551,0.47491877585758857
E282,0.15814546755971737,0.07630103010050907,0.014333428894841793,103,B,***影城有限公司***分公司,35.10950597238465,35.10950597238465,0.07421214209063448,0.4750376454748675
E177,0.1578916625275881,0.07617074135395413,0.014281683784811984,104,B,***电力工程有限公司,35.05315930985385,35.05315930985385,0.07421863407135754,0.47510336924192864
E144,0.157751272758568,0.07348666402991255,0.013763885188011618,105,B,***劳务有限公司,35.021991705053466,35.021991705053466,0.07422222504694437,0.4751397212406081
E126,0.15753532546725982,0.07535540311468263,0.014090962285121607,106,B,个体经营E126 ,34.974049751161914,34.974049751161914,0.0742277486791616,0.4751956343997368
E346,0.15750772836565924,0.07087841095804288,0.013251038467702819,107,B,个体经营E346 ,34.967922983076704,34.967922983076704,0.0742284545747465,0.47520277955360424
E285,0.1571544612817608,0.07088154930392922,0.013216361935801165,108,B,个体经营E285 ,34.88949498268336,34.88949498268336,0.0742374906568112,0.47529423780431346
E124,0.15706759449708382,0.07484886660173869,0.013946944442068362,109,B,个体经营E124 ,34.870209890657144,34.870209890657144,0.07423971258868885,0.47531672527688307
E260,0.1568879713060066,0.07582133419122754,0.014108985399488216,110,B,***广告有限公司,34.8303321654386,34.8303321654386,0.0742443071007996,0.4753632227590239
E224,0.1561658541121839,0.07174394617617857,0.01327743690698076,111,B,***纸业有限公司,34.67001661343136,34.67001661343136,0.07426277785712286,0.47555012197015545
E214,0.15578426373999046,0.07396140411041739,0.013648197243469311,112,B,***建筑工程有限公司,34.58530062594047,34.58530062594047,0.07427253840962096,0.4756488669144656
E164,0.15538012527827216,0.07600716285759657,0.01398262442113426,113,B,个体经营E164 ,34.49557878974551,34.49557878974551,0.07428287571097747,0.47575343256176983
E390,0.155267191340998,0.06964789911371892,0.012801720931563442,114,B,***建筑工程有限公司,34.47050659003978,34.47050659003978,0.07428576440446637,0.4757826501751721
E152,0.15525877638838498,0.0733821735500893,0.013487238642617983,115,B,***运贸有限责任公司,34.468638406059654,34.468638406059654,0.07428597964728362,0.4757848271975318
E304,0.15500371599985824,0.07252330961436036,0.01330346973079969,116,B,***环保科技有限公司,34.41201304478639,34.41201304478639,0.07429250373828228,0.4758508105797232
E300,0.15485369851949246,0.070839895124235,0.012979787929621268,117,B,***建设工程有限公司,34.378708014271524,34.378708014271524,0.0742963409773728,0.4758896169655167
E183,0.1545129055979994,0.07322769334822671,0.013382373006505148,118,B,***建设工程有限公司,34.30304937354577,34.30304937354577,0.07430505798766342,0.47597776553513915
E139,0.15446761272520843,0.07540064530971213,0.013774703197911025,119,B,个体经营E139 ,34.29299400861942,34.29299400861942,0.07430621651653334,0.47598948008912334
E146,0.1543970117382095,0.07514579867203552,0.013720725826067494,120,B,***基础建设工程有限公司,34.27732004835395,34.27732004835395,0.0743080223918652,0.4760077399730951
E251,0.15350651794224865,0.07253757555699045,0.01315425443874439,121,B,***医疗器械有限责任公司,34.07962360007697,34.07962360007697,0.0743307999881519,0.47623801476767325
E306,0.1534338702113561,0.07267582133478867,0.013171956857014399,122,B,个体经营E306 ,34.06349524697897,34.06349524697897,0.07433265821635396,0.47625679779797436
E182,0.15331092151819936,0.0739001583574385,0.013381182852192993,123,B,***新材料科技有限公司,34.0361996947049,34.0361996947049,0.074335803073409,0.47628858504515303
E157,0.15326864669025927,0.07340588713987801,0.01328735606287556,124,B,***环境设备工程有限公司,34.02681435886855,34.02681435886855,0.0743368844048773,0.476299514500371
E298,0.15324426285526346,0.07535703822789934,0.01363797523608208,125,B,***电器维护服务有限公司,34.02140096059906,34.02140096059906,0.07433750810955889,0.4763058184640194
E178,0.1531391478549727,0.07467820257322719,0.013504174005018911,126,B,***贸易有限公司,33.998064624835266,33.998064624835266,0.07434019680548373,0.47633299328653056
E189,0.15312399344414343,0.07499739137384119,0.013560308682919906,127,B,***石油工程技术服务有限公司,33.99470022947365,33.99470022947365,0.0743405844342953,0.476336910994833
E234,0.15297195439835187,0.07510471676814294,0.013563795636066411,128,B,***机电设备商贸有限公司,33.960946395939104,33.960946395939104,0.07434447338222572,0.47637621489895143
E216,0.1529194551008924,0.07438195588225435,0.013427823636544172,129,B,***建设工程有限公司,33.949291149499594,33.949291149499594,0.07434581624144415,0.47638978611534033
E200,0.15146406264910675,0.07276428593997217,0.012988459155468743,130,B,个体经营E200 ,33.62618286972018,33.62618286972018,0.07438304316189642,0.476765911626174
E283,0.15119743465110677,0.07211669653756293,0.012846167008826048,131,B,***机械铸造有限责任公司,33.566989410478925,33.566989410478925,0.07438986313630244,0.4768347974387932
E142,0.1510095476350458,0.07432618407698975,0.013220364732771503,132,B,***运业有限公司,33.52527705277234,33.52527705277234,0.07439466902559527,0.47688333599387867
E127,0.15097646396447448,0.07582023547814085,0.013482631003252333,133,B,个体经营E127 ,33.51793222432145,33.51793222432145,0.0743955152600052,0.47689188247330483
E229,0.15050542364069858,0.07363599940939229,0.013046130716706687,134,B,***家贸易有限公司,33.41335766195152,33.41335766195152,0.07440756381820782,0.477013555407114
E138,0.15038473280005957,0.07592456000486947,0.013438900064642323,135,B,个体经营E138 ,33.386563370242676,33.386563370242676,0.07441065092252686,0.4770447275016183
E279,0.15028210475038759,0.07140441563112866,0.012628668796442397,136,B,***环保包装有限公司,33.36377915657856,33.36377915657856,0.07441327600570398,0.4770712333102103
E140,0.15023601031021788,0.07574346985029627,0.013391243751709216,137,B,***建筑工程有限公司,33.35354583755017,33.35354583755017,0.07441445503755575,0.4770831378445193
E319,0.15018922694465375,0.07415252805597053,0.013105165547239585,138,B,个体经营E319 ,33.34315957180366,33.34315957180366,0.07441565169116367,0.47709522011032823
E179,0.14962113418311454,0.07383424336815013,0.01299087227865508,139,B,***园林有限公司,33.217038624350025,33.217038624350025,0.07443018271612355,0.4772419201464686
E250,0.1495143884637055,0.07562515261078638,0.013294814505622707,140,B,***塑料厂,33.19334025644262,33.19334025644262,0.07443291312358181,0.4772694821628689
E172,0.14916740945821463,0.0746567408805571,0.013088770646002862,141,B,***物流有限公司,33.11630825765344,33.11630825765344,0.07444178836532171,0.477359066027774
E271,0.14902753474913455,0.07513028320954684,0.013157277525333744,142,B,***科技有限公司,33.085255000107644,33.085255000107644,0.07444536616638961,0.47739517618611993
E128,0.14892913285173318,0.07556852285922196,0.013223757285948386,143,B,个体经营E128 ,33.06340902464077,33.06340902464077,0.07444788315045286,0.4774205786506034
E294,0.14868685579199423,0.07411859273346094,0.012945248859652252,144,B,个体经营E294 ,33.00962166034173,33.00962166034173,0.07445408026163015,0.4774831188411526
E222,0.14867177042604104,0.07627034776786104,0.013319478010652124,145,B,***数码科技有限公司,33.00627259347183,33.00627259347183,0.07445446612436954,0.4774870127296422
E223,0.14862329224175969,0.07461227978441595,0.013024930752947136,146,B,***科技有限公司,32.99551006497942,32.99551006497942,0.07445570612908971,0.4774995259545973
E392,0.14859050697209533,0.07261114100033014,0.012672311433468754,147,B,***科技有限公司,32.988231483817096,32.988231483817096,0.07445654473081827,0.4775079883943525
E290,0.1483566191240569,0.07626757736352481,0.01328584261970938,148,B,***机电有限公司,32.936306588818304,32.936306588818304,0.07446252725759515,0.47756835608255277
E315,0.14821174520674307,0.07538999282581935,0.013117910871582235,149,B,***轮胎有限公司,32.904143468726026,32.904143468726026,0.07446623293147633,0.47760574636646713
E211,0.14820631712190496,0.0740458038679273,0.012883467100291902,150,B,个体经营E211 ,32.902938392286075,32.902938392286075,0.07446637177435836,0.47760714725617603
E284,0.14807783149664167,0.07528850476312846,0.013086358043169868,151,B,***成焊科技有限公司,32.87441359864414,32.87441359864414,0.07446965825845758,0.4776403062882195
E254,0.14788944426811249,0.07193306836612184,0.012484461591992228,152,C,***设备安装工程有限公司,32.83259018993552,32.83259018993552,0.10947447694249163,0.7367147932017644
E280,0.14762744419071078,0.07603080334780647,0.013168224506414692,153,C,个体经营E280 ,32.774424164539774,32.774424164539774,0.10948117854110714,0.7367521128538614
E268,0.14758936863474031,0.0703087610399313,0.012173505666810247,154,C,***建筑劳务有限公司,32.765971099267816,32.765971099267816,0.10948215246102239,0.7367575359105369
E148,0.1474884759147805,0.07610543868771483,0.013166596396361184,155,C,***商贸有限公司,32.74357214210098,32.74357214210098,0.1094847331568722,0.736771905355466
E248,0.14748447179707597,0.07489277114540789,0.012956386632726077,156,C,***智能科技有限公司,32.742683197279284,32.742683197279284,0.10948483557664981,0.7367724756163929
E219,0.14747967058279268,0.07560011789098964,0.013078257606132815,157,C,***品牌营销策划有限公司,32.74161729090742,32.74161729090742,0.10948495838505244,0.7367731593969478
E265,0.14663264865921039,0.07581434254310858,0.013027048475649011,158,C,***净化工程有限公司,32.55357193150739,32.55357193150739,0.10950662403113426,0.7368937605956791
E352,0.14634101855445775,0.07154302196043588,0.012264474376436959,159,C,***居装饰工程有限公司,32.48882781292762,32.48882781292762,0.10951408352475592,0.7369352697613805
E262,0.146004598188393,0.07531999941556629,0.012877196091327111,160,C,个体经营E262 ,32.41413991302228,32.41413991302228,0.10952268869114293,0.7369831453088018
E231,0.1456615926826627,0.07153945612045358,0.012197217202112861,161,C,***建筑科技有限公司,32.33799006163656,32.33799006163656,0.10953146229626974,0.7370319482293763
E272,0.14565703253491588,0.07603656667402485,0.012963483153309118,162,C,个体经营E272 ,32.336977673883545,32.336977673883545,0.10953157893852469,0.7370325969821838
E255,0.14553944100284494,0.07460429323378827,0.012707277146181329,163,C,个体经营E255 ,32.31087145243279,32.31087145243279,0.10953458676682894,0.7370493256279382
E321,0.1455332123805251,0.07434720509945832,0.012662853309702259,164,C,***生物流有限公司,32.309488650535826,32.309488650535826,0.10953474608634949,0.7370502116834257
E313,0.1453573784777825,0.07330133558016434,0.012467070691928865,165,C,***物流有限公司,32.270452176372196,32.270452176372196,0.10953924367371995,0.7370752236755955
E184,0.14525781314268496,0.0760063492634019,0.012916779174728993,166,C,***建筑装饰工程有限公司,32.248347908819106,32.248347908819106,0.1095417904169059,0.7370893854819287
E375,0.1451293408049108,0.07573047173735123,0.012856580494217817,167,C,***电器经营部,32.219826065101614,32.219826065101614,0.10954507656112959,0.7371076576881646
E372,0.1450389956964142,0.07502058317113627,0.012726791028982705,168,C,***汽车维修有限责任公司,32.19976875852633,32.19976875852633,0.10954738746370651,0.7371205063545097
E241,0.1442063804845002,0.07529160404195119,0.012687088863678192,169,C,个体经营E241 ,32.01492179954311,32.01492179954311,0.10956868460608432,0.7372388867595254
E287,0.14371003370674967,0.07241203147996535,0.012152817263300994,170,C,***鞋材有限公司,31.904729010418595,31.904729010418595,0.10958138046828245,0.7373094292565081
E207,0.14366072750073972,0.07554486756708793,0.012673517357157368,171,C,个体经营E207 ,31.893782654755704,31.893782654755704,0.10958264165265005,0.7373164356971413
E415,0.1436539390368397,0.07452418485033167,0.012501596253293532,172,C,***广告设计服务部,31.892275563736796,31.892275563736796,0.10958281529214178,0.7373174003258904
E191,0.14359971145221456,0.07653344471120849,0.012832994948670342,173,C,***商贸有限责任公司,31.880236624299307,31.880236624299307,0.10958420235854899,0.7373251058316153
E341,0.1430449005148077,0.07146612602331356,0.011929288819594968,174,C,***纺织品有限公司,31.757064343607325,31.757064343607325,0.10959839365286796,0.7374039279350508
E155,0.1422272025832349,0.0747450529949644,0.01239346809134618,175,C,个体经营E155 ,31.57552913519978,31.57552913519978,0.10961930923190322,0.7375200514960076
E388,0.14207992390993435,0.07461417435888738,0.01235683429140358,176,C,***商贸有限公司,31.542832140846162,31.542832140846162,0.10962307641610741,0.737540961005009
E244,0.14085638868071243,0.07450390340448886,0.012214897064831776,177,C,个体经营E244 ,31.27119794164555,31.27119794164555,0.1096543727503662,0.7377145990893268
E212,0.14064906569250574,0.07639650631507088,0.01250373602496312,178,C,***建电管理咨询有限公司,31.225170649147223,31.225170649147223,0.10965967578487103,0.7377440089347336
E205,0.14037098043490426,0.07555502250818127,0.012337569282642792,179,C,个体经营E205 ,31.16343359045533,31.16343359045533,0.10966678882008773,0.7377834511293935
E187,0.14031058001741778,0.07683285059279009,0.01253994940554741,180,C,个体经营E187 ,31.15002423480829,31.15002423480829,0.10966833377899851,0.7377920171612511
E168,0.13995954329378865,0.07388869734871001,0.012024351011467642,181,C,***建材有限公司,31.07209139149029,31.07209139149029,0.10967731281154078,0.7378417954066534
E203,0.13986328696062741,0.0760598191489697,0.012367773809137271,182,C,***建设工程有限公司,31.050721747730325,31.050721747730325,0.10967977491504642,0.7378554430929547
E243,0.13939945832496703,0.07628577656715513,0.012356715359094455,183,C,***科技有限公司,30.94774823539914,30.94774823539914,0.10969163900826885,0.7379211960817338
E257,0.13938345979058153,0.07399965648839489,0.011984812820535836,184,C,***门窗安装有限公司,30.944196438137894,30.944196438137894,0.10969204822859029,0.7379234637349421
E288,0.13919926038164507,0.07510745563057845,0.012145554472407907,185,C,个体经营E288 ,30.903302757478205,30.903302757478205,0.10969675979400717,0.7379495708575798
E379,0.13893618941839878,0.07248984301254835,0.011696534491327291,186,C,***药业有限公司,30.8448989872167,30.8448989872167,0.1097034887843974,0.7379868517545145
E367,0.1388169559192604,0.0702334816551577,0.011321168239427325,187,C,***电子商务有限公司,30.81842823649141,30.81842823649141,0.109706538611942,0.738003746930108
E151,0.13868277097648166,0.07482698567473739,0.012048074005154643,188,C,***路桥工程有限公司,30.788638150676174,30.788638150676174,0.10970997087667897,0.7380227592761739
E277,0.1382979089295529,0.07547325044613856,0.012112994531382754,189,C,***消防设备制造有限公司,30.703195826316882,30.703195826316882,0.10971981511407937,0.7380772811091048
E252,0.13828258783081093,0.07575475423630441,0.01215661109819433,190,C,***印务有限公司,30.699794424960995,30.699794424960995,0.10972020700653656,0.7380794513300313
E170,0.1381546797892054,0.07621385611384283,0.012217158508597831,191,C,***建筑劳务有限公司,30.67139785931823,30.67139785931823,0.10972347871684687,0.738097568631586
E270,0.13810691197128785,0.0756785714062377,0.012126485227093404,192,C,个体经营E270 ,30.6607930376035,30.6607930376035,0.10972470055138064,0.7381043342660742
E345,0.13806748892856155,0.0732163229279646,0.011728057272930623,193,C,***科技有限公司,30.652040819943352,30.652040819943352,0.1097257089381383,0.7381099178376094
E393,0.1379182619492806,0.07517936491508144,0.012027406318783124,194,C,***商贸有限责任公司,30.61891128672845,30.61891128672845,0.1097295259573074,0.7381310520024642
E210,0.13766316952315813,0.0748825798522785,0.011954230551460224,195,C,***建筑工程有限公司,30.56227881286337,30.56227881286337,0.10973605086778332,0.7381671749711347
E337,0.13708354077408413,0.07511156653496343,0.011932278476803629,196,C,个体经营E337 ,30.433596787754464,30.433596787754464,0.10975087696730523,0.7382492344353109
E303,0.13639393035558187,0.07605295081568929,0.012011449712439693,197,C,***图书发行有限公司,30.28049798903055,30.28049798903055,0.10976851624539902,0.7383468276567409
E275,0.13618077067097284,0.07485458984029615,0.011800797419882767,198,C,***网络工程有限公司,30.233174905193028,30.233174905193028,0.10977396857450299,0.7383769858272347
E292,0.13601450403625778,0.07410755955578732,0.011666518715194786,199,C,***物流有限公司,30.196262437863975,30.196262437863975,0.10977822144442602,0.7384005068553909
E281,0.13598074902532054,0.07528536279162588,0.01184853232320896,200,C,***商业管理有限责任公司,30.188768566706067,30.188768566706067,0.10977908485079142,0.7384052817496467
E190,0.13572123399813862,0.07454125994773578,0.011705519309103261,201,C,***劳务有限公司,30.131154241506856,30.131154241506856,0.10978572288526879,0.7384419888726006
E296,0.1356213541176888,0.07523669162222087,0.01180466690812934,202,C,***装饰设计工程有限公司,30.108980142474582,30.108980142474582,0.10978827767408862,0.7384561148882332
E247,0.13551587501902107,0.07620263957268888,0.011945467917851275,203,C,***石化有限公司,30.08556297408031,30.08556297408031,0.109790975683145,0.7384710318953351
E166,0.13508984730812593,0.07649780256072528,0.01194815026181925,204,C,***建筑工程有限公司,29.9909815567885,29.9909815567885,0.10980187288113753,0.7385312718790231
E316,0.13497008626450452,0.07576645080702042,0.01182179279467762,205,C,个体经营E316 ,29.964393687144394,29.964393687144394,0.10980493620253837,0.7385482032619965
E149,0.13490396877327068,0.07598647267633826,0.011849409044893787,206,C,***建筑劳务有限公司,29.949715097304455,29.949715097304455,0.10980662739626666,0.7385575501995039
E305,0.13462597132844334,0.0748985342523873,0.011651941924214284,207,C,***劳务有限公司,29.887997533721503,29.887997533721503,0.10981373818535439,0.7385968463084118
E328,0.1345014405736575,0.07373834706924785,0.011459191697451031,208,C,***科技有限公司,29.86035075163938,29.86035075163938,0.10981692350935177,0.7386144471576672
E202,0.1341741445030386,0.07511802213368457,0.011640789302558335,209,C,个体经营E202 ,29.787688515260122,29.787688515260122,0.10982529528891564,0.7386607001365739
E389,0.13417169626588624,0.07214797541078614,0.011180295448030668,210,C,***清洁服务有限公司,29.787144987846727,29.787144987846727,0.10982535791142657,0.7386610460839216
E302,0.13400659853784816,0.07613227919996725,0.011780953246636564,211,C,***机电设备有限公司,29.750492026759545,29.750492026759545,0.10982958088233795,0.7386843740069964
E322,0.13380322035721326,0.07610844103310575,0.011756629377906768,212,C,***装饰工程设计有限公司,29.70534051177884,29.70534051177884,0.1098347830141361,0.7387131077334184
E318,0.1337016707290856,0.0749134679704239,0.011561901355835617,213,C,***商贸有限公司,29.682795715963586,29.682795715963586,0.10983738051278577,0.738727453597658
E264,0.13356437924860018,0.07425588205446,0.011446829463867233,214,C,个体经营E264 ,29.652315954966074,29.652315954966074,0.10984089223844887,0.7387468473233634
E381,0.1329930263903899,0.07444311176682318,0.011419071621269048,215,C,***通信网络工程有限公司,29.525471241063045,29.525471241063045,0.1098555066521602,0.738827539403192
E358,0.1328149152671383,0.07408064427178929,0.011345922185600826,216,C,***五金经营部,29.485929206491683,29.485929206491683,0.10986006248767305,0.7388526884263464
E240,0.1324747887308762,0.0743073069786464,0.011347041751969081,217,C,个体经营E240 ,29.410418508395,29.410418508395,0.10986876245275366,0.7389007064083992
E354,0.13242950591943273,0.07362625537320926,0.011238612525781237,218,C,***广告有限公司,29.400365377164917,29.400365377164917,0.10986992072426827,0.7389070985614965
E333,0.1321041358471122,0.0759517158570805,0.011560759998779679,219,C,***房地产营销策划有限公司,29.32813072717054,29.32813072717054,0.1098782432394668,0.7389530229814671
E412,0.13196489594094568,0.0739746959173983,0.011246161593412277,220,C,***汽车贸易有限公司,29.297218400737272,29.297218400737272,0.10988180480315657,0.7389726733177631
E382,0.13179681645280986,0.07605574427415691,0.01154557499700537,221,C,***教育信息咨询有限公司***分公司,29.259903466053412,29.259903466053412,0.10988610404335589,0.7389963915007571
E317,0.1314375083283126,0.07512718848563298,0.011368819810832473,222,C,***科技有限公司,29.18013430834297,29.18013430834297,0.10989529464686086,0.7390470865824985
E237,0.13135442767788436,0.07610628404923045,0.011508603396495601,223,C,个体经营E237 ,29.161689767140427,29.161689767140427,0.10989741973467537,0.739058806962869
E263,0.13126578626316887,0.07652375829221296,0.011562743979924541,224,C,***通信工程有限公司,29.142010693643247,29.142010693643247,0.1098996870591282,0.739071311176374
E359,0.1310553806267126,0.07503548184978642,0.01131695094841029,225,C,***厨房用品经营部,29.09529902960523,29.09529902960523,0.10990506894349998,0.7391009894444471
E324,0.1306408467616994,0.07638485206505496,0.01147854913170803,226,C,***汽贸有限公司,29.003269334198748,29.003269334198748,0.10991567214485551,0.7391594496979412
E343,0.13053526185284042,0.07618280888937887,0.011437545964488356,227,C,***五金工具经营部,28.97982867513099,28.97982867513099,0.10991837286038983,0.7391743376689535
E329,0.13040238840814977,0.07437056982692636,0.011152399458587894,228,C,***园艺有限责任公司,28.950329751943855,28.950329751943855,0.1099217715788246,0.7391930721269104
E364,0.1302835907270405,0.0764160974571191,0.011447137779524564,229,C,***电子有限公司,28.923955756161543,28.923955756161543,0.10992481025874845,0.7392098207253304
E314,0.12994758303039083,0.075770906307982,0.011316842464548183,230,C,***房地产营销策划有限公司,28.849359472029445,28.849359472029445,0.10993340486962415,0.7392571861152115
E233,0.12980937109198826,0.07687813257916475,0.01146817916592711,231,C,***劳务有限公司,28.818675362319077,28.818675362319077,0.1099369401393242,0.739276666445817
E326,0.12973689079690418,0.0757761229384756,0.01129653605067099,232,C,***包装材料有限公司,28.802584181253934,28.802584181253934,0.10993879408475049,0.7392868815678093
E232,0.12963810933472147,0.07596552742852596,0.011314865064831243,233,C,***投资发展有限责任公司,28.780653939496265,28.780653939496265,0.10994132077755443,0.7393008027775387
E349,0.1293172522204049,0.07393737059615825,0.010981471295118983,234,C,***营销策划广告有限公司,28.709421200770283,28.709421200770283,0.10994952785754619,0.7393460153372717
E242,0.12904926635014094,0.07415660916508705,0.01098782702399779,235,C,个体经营E242 ,28.649926283478422,28.649926283478422,0.10995638256444151,0.7393837711121523
E327,0.12873365948496177,0.07645577382940272,0.01129669665420031,236,C,个体经营E327 ,28.57985914030374,28.57985914030374,0.10996445535034183,0.7394282283695002
E269,0.12861940269093208,0.07641841129616041,0.011279675546890727,237,C,***节能服务有限公司,28.554493256258688,28.554493256258688,0.10996737788067189,0.739444320843301
E136,0.12824957249009367,0.07694059104239659,0.011319292307671808,238,C,***机械有限责任公司,28.472388116949514,28.472388116949514,0.10997683762429675,0.7394964020093522
E218,0.12783940014810657,0.0764008265157584,0.011198666660994209,239,C,***建设工程有限公司,28.381326713085603,28.381326713085603,0.10998732926394222,0.7395541509541059
E347,0.12760419832201478,0.07523634768772872,0.01100472264183669,240,C,***不锈钢材料有限公司,28.32911010488741,28.32911010488741,0.10999334540045537,0.7395872591165882
E350,0.12734403568086008,0.07618287450423208,0.011117135601893962,241,C,***演艺设备有限公司,28.271352004422322,28.271352004422322,0.11,0.739623875494283
E403,0.1272964181149198,0.07398686055324359,0.010792051885076578,242,D,***机械有限公司,,0.0,0.0,0.0
E334,0.1272537578848788,0.0753252354584406,0.010983054195019387,243,D,***机械科技有限公司,,0.0,0.0,0.0
E331,0.1270744265638305,0.07408716623406393,0.010785093771366383,244,D,***广告有限公司,,0.0,0.0,0.0
E419,0.12703200049730953,0.07591733095440553,0.011047289739198204,245,D,***科技有限公司,,0.0,0.0,0.0
E236,0.12703122063955863,0.07642341913524656,0.011120856149416262,246,D,个体经营E236 ,,0.0,0.0,0.0
E215,0.12674337086819948,0.07666936768541352,0.011127695775345874,247,D,***建筑工程有限公司,,0.0,0.0,0.0
E342,0.12661953692142155,0.07475317782829714,0.010837445031297972,248,D,***裕华机械厂,,0.0,0.0,0.0
E357,0.12637473665875545,0.07453254020854667,0.01078154505896431,249,D,***家居经营部,,0.0,0.0,0.0
E344,0.12622344106383304,0.07632826111704523,0.01102617788275555,250,D,***机械有限公司,,0.0,0.0,0.0
E249,0.12614922733706535,0.07561359105532835,0.010915589235840585,251,D,***建筑工程有限公司,,0.0,0.0,0.0
E293,0.12591534931131096,0.07264391258503301,0.010464642779481238,252,D,***物资有限公司,,0.0,0.0,0.0
E387,0.12575344013362605,0.07463120838543823,0.010735107950819807,253,D,***农副产品经营部,,0.0,0.0,0.0
E355,0.12495497608033662,0.07452655389617642,0.010642268117510723,254,D,***地毯经营部,,0.0,0.0,0.0
E420,0.12468577406761898,0.07500403601732608,0.010684090366581479,255,D,***康药房,,0.0,0.0,0.0
E199,0.12440879645821731,0.07478110226982584,0.01062530881257756,256,D,***建筑劳务有限公司,,0.0,0.0,0.0
E286,0.1242620500648341,0.07595134734847625,0.01077704823389997,257,D,***印务有限公司,,0.0,0.0,0.0
E370,0.12406816948719192,0.07523413642456303,0.01065626486444794,258,D,***设计服务部,,0.0,0.0,0.0
E395,0.12371629551795721,0.07378601460416877,0.01041732528080889,259,D,***网络科技有限公司,,0.0,0.0,0.0
E217,0.12300057119496872,0.07424601625064062,0.010413122412431992,260,D,个体经营E217 ,,0.0,0.0,0.0
E374,0.12261712963447978,0.07501281913958113,0.010483287147894685,261,D,***建材经营部,,0.0,0.0,0.0
E335,0.12255828774767334,0.07365332426183353,0.01028766376433519,262,D,***挖掘机租赁经营部,,0.0,0.0,0.0
E394,0.12201985865403879,0.07385303642189663,0.010263941792073496,263,D,***环保设计研究院（有限合伙）,,0.0,0.0,0.0
E410,0.1208080773399542,0.0765630494092696,0.010520381905276243,264,D,***网络科技有限公司,,0.0,0.0,0.0
E291,0.12043908025907116,0.07387987743407563,0.010116439109679696,265,D,***文业建设工程有限公司,,0.0,0.0,0.0
E369,0.11999883393891649,0.0750366606452849,0.01023215891907052,266,D,***网络技术有限公司,,0.0,0.0,0.0
E356,0.11990032167971616,0.0747953238438659,0.010189736015054488,267,D,***建材装饰部,,0.0,0.0,0.0
E274,0.1198500624995202,0.07550234347535976,0.010281158015053742,268,D,***建筑劳务有限公司,,0.0,0.0,0.0
E361,0.11940252366450334,0.07521122266852928,0.010198087134982742,269,D,***勘察设计工程有限公司,,0.0,0.0,0.0
E407,0.11933847500708049,0.07396793456337443,0.010023397479851972,270,D,***装饰工程有限公司,,0.0,0.0,0.0
E323,0.11892954842356752,0.0745596530356741,0.010064286970792095,271,D,***建筑装饰工程有限公司,,0.0,0.0,0.0
E378,0.11881252651935674,0.07665684451496221,0.010335818025021235,272,D,***商贸有限公司,,0.0,0.0,0.0
E373,0.11870449876376261,0.0769800936156079,0.010368694058474247,273,D,个体经营E373 ,,0.0,0.0,0.0
E397,0.11717664412589819,0.07666619451382829,0.010175860585540363,274,D,***大闸蟹经营部,,0.0,0.0,0.0
E409,0.11623567020356909,0.07637136133024577,0.010044619441276648,275,D,***塑胶有限公司,,0.0,0.0,0.0
E398,0.11597666656617092,0.07691362835929345,0.01009044206556326,276,D,***医疗管理咨询有限公司,,0.0,0.0,0.0
E384,0.11414587731518502,0.07522793476007798,0.009693422869415064,277,D,个体经营E384 ,,0.0,0.0,0.0
E400,0.11356189191619456,0.07694377144278318,0.009857293111075981,278,D,***办公用品经营部,,0.0,0.0,0.0
E396,0.11304688149616444,0.07645629525348027,0.009744760539018916,279,D,***文化传播有限公司,,0.0,0.0,0.0
E192,0.11294550001731064,0.0765938919838301,0.009752428321545511,280,D,***建设工程有限公司,,0.0,0.0,0.0
E360,0.11248613750660685,0.07680941708266505,0.0097350531827071,281,D,***建筑劳务有限公司,,0.0,0.0,0.0
E336,0.11180127485784627,0.07662793873773648,0.009645477974804277,282,D,***猕猴桃专业合作社,,0.0,0.0,0.0
E376,0.11127882369979952,0.07484986460081657,0.009372123798763423,283,D,***建筑装饰设计有限责任公司,,0.0,0.0,0.0
E351,0.11127346367421424,0.07680860476769127,0.009616860916316488,284,D,***文化传播有限公司,,0.0,0.0,0.0
E422,0.11113605370563633,0.07700859371575991,0.009628505287755185,285,D,***童装店,,0.0,0.0,0.0
E363,0.10980937961540581,0.07570032514024519,0.009338006433659668,286,D,***建筑工程设计有限公司,,0.0,0.0,0.0
E399,0.1095725706366787,0.07715776386018738,0.009494737304738753,287,D,***装饰工程有限公司,,0.0,0.0,0.0
E408,0.1095570538549695,0.07596578391317003,0.009346570170880558,288,D,***空调制冷有限责任公司,,0.0,0.0,0.0
E411,0.10926155131304299,0.07672494310430379,0.00941138930326714,289,D,***机电设备有限公司,,0.0,0.0,0.0
E365,0.10787466437316143,0.07652210292521198,0.009252955656040918,290,D,***信息技术有限公司,,0.0,0.0,0.0
E383,0.10753959314137934,0.07653427864387362,0.009222218849687254,291,D,***通讯器材经营部,,0.0,0.0,0.0
E371,0.1068397012848407,0.07664610476387766,0.009168395582964473,292,D,***自动化科技有限公司,,0.0,0.0,0.0
E414,0.10526956173436802,0.07647185432895033,0.008997300467197322,293,D,***物流有限责任公司***分公司,,0.0,0.0,0.0
E413,0.10395595979870588,0.07692072359061669,0.008924078829291863,294,D,***石材工艺品有限公司,,0.0,0.0,0.0
E423,0.1015947671675375,0.0753165428001852,0.008517054832288153,295,D,***通风设备有限公司,,0.0,0.0,0.0
E385,0.09964793988255263,0.07531387370248227,0.008335486407448363,296,D,***装饰工程有限公司,,0.0,0.0,0.0
E401,0.0994576418830065,0.0760152753763148,0.008395274212113682,297,D,***遮阳技术发展中心,,0.0,0.0,0.0
E425,0.0986360449002869,0.07699790990639065,0.008425863110883799,298,D,***商贸有限公司,,0.0,0.0,0.0
E416,0.0977209402868746,0.07483230665772776,0.008104680355492158,299,D,***科技有限公司,,0.0,0.0,0.0
E368,0.09570048302274299,0.07711601604426153,0.008161057089684407,300,D,***通信科技有限责任公司,,0.0,0.0,0.0
E405,0.09343816628298532,0.07713796052073114,0.007950510725026078,301,D,***职业技能服务有限公司,,0.0,0.0,0.0
E404,0.08524500077900532,0.07475459920633859,0.006966297940984577,302,D,个体经营E404 ,,0.0,0.0,0.0
