企业代号,调整后违约概率,调整后等级,TOPSIS得分,D_pos,D_neg,PD排名,TOPSIS排名,企业名称,硬性禁贷,行业类别,行业识别置信度,冲击系数,原违约概率,原风险等级,调整后额度,调整后利率,调整后预计流失率,单位额度期望收益,禁贷原因,客户留存率,预计实际放款额,名义利息,预计留存后利息,预计违约损失,预计资金成本,调整后期望净收益,预算强制负收益,原违约概率_策略,原风险等级_策略,原贷款额度,原贷款利率,原预计流失率,原期望净收益
E131,0.014094339554478034,A,0.782123075968717,0.06706110412285542,0.24073241013304938,1,7,个体经营E131 ,False,未知,0.0,1.0,0.014094339554478034,A,100.0,0.0745,0.511096611982035,0.019552893099028842,,0.48890338801796496,48.890338801796496,7.449999999999999,3.5909940015513926,0.4134462216035955,1.2222584700449124,1.9552893099028847,False,0.014094339554478034,A,100.0,0.0745,0.511096611982035,1.9552893099028847
E134,0.01465792026087819,A,0.8165852092211051,0.055058782333097314,0.24512847137355862,2,1,***工程咨询有限公司,False,其他,0.3,1.0,0.014657920260878188,A,100.0,0.0745,0.511096611982035,0.019367043718460326,,0.48890338801796496,48.890338801796496,7.449999999999999,3.588941254501377,0.4299784126104312,1.2222584700449124,1.9367043718460333,False,0.014657920260878188,A,100.0,0.0745,0.511096611982035,1.9367043718460337
E193,0.01582816664461734,A,0.7689180986126891,0.07375434227197601,0.24541536262134722,3,16,个体经营E193 ,False,未知,0.0,1.0,0.01582816664461734,A,100.0,0.0745,0.511096611982035,0.0189811370274388,,0.48890338801796496,48.890338801796496,7.449999999999999,3.584678830708774,0.46430665791998166,1.2222584700449124,1.89811370274388,False,0.01582816664461734,A,100.0,0.0745,0.511096611982035,1.89811370274388
E141,0.016377224717544867,A,0.7974374482046912,0.061799478912645284,0.24328889188895383,4,4,***食品有限公司,False,其他,0.3,1.0,0.016377224717544867,A,100.0,0.0745,0.511096611982035,0.018800076707965647,,0.48890338801796496,48.890338801796496,7.449999999999999,3.582678979885831,0.4804128390443546,1.2222584700449124,1.880007670796564,False,0.016377224717544867,A,100.0,0.0745,0.511096611982035,1.880007670796564
E129,0.016449215633078516,A,0.789053140394565,0.06589469527289403,0.24648111063455863,5,5,个体经营E129 ,False,未知,0.0,1.0,0.016449215633078513,A,100.0,0.0745,0.511096611982035,0.018776336599572025,,0.48890338801796496,48.890338801796496,7.449999999999999,3.5824167651971246,0.4825246351950096,1.2222584700449124,1.8776336599572025,False,0.016449215633078513,A,100.0,0.0745,0.511096611982035,1.8776336599572025
E194,0.016891163114054423,A,0.7987294624026758,0.06223700388599493,0.2469836333168062,6,3,***文化传播有限公司,False,其他,0.3,1.0,0.016891163114054423,A,100.0,0.0745,0.511096611982035,0.018630597640359202,,0.48890338801796496,48.890338801796496,7.449999999999999,3.58080704652235,0.4954888124415172,1.2222584700449124,1.8630597640359206,False,0.016891163114054423,A,100.0,0.0745,0.511096611982035,1.8630597640359206
E138,0.01820365162389506,A,0.7568530970846399,0.0756568718370547,0.2355001732658023,7,27,个体经营E138 ,False,未知,0.0,1.0,0.01820365162389506,A,100.0,0.0745,0.511096611982035,0.018197784426941685,,0.48890338801796496,48.890338801796496,7.449999999999999,3.576026529932342,0.5339896171932614,1.2222584700449124,1.8197784426941683,False,0.01820365162389506,A,100.0,0.0745,0.511096611982035,1.8197784426941683
E238,0.018370653174564436,A,0.7771538440062898,0.06902399898424255,0.24071434348997447,8,12,个体经营E238 ,False,未知,0.0,1.0,0.01837065317456444,A,100.0,0.0745,0.511096611982035,0.018142713104603247,,0.48890338801796496,48.890338801796496,7.449999999999999,3.5754182551340894,0.5388884746288521,1.2222584700449124,1.8142713104603247,False,0.01837065317456444,A,100.0,0.0745,0.511096611982035,1.8142713104603247
E139,0.019821937055468534,A,0.7505516168870732,0.08012127565279802,0.24107253066875514,9,32,个体经营E139 ,False,未知,0.0,1.0,0.019821937055468534,A,100.0,0.0745,0.511096611982035,0.017664129989120262,,0.48890338801796496,48.890338801796496,7.449999999999999,3.570132199966783,0.5814607310098446,1.2222584700449124,1.7664129989120263,False,0.019821937055468534,A,100.0,0.0745,0.511096611982035,1.7664129989120263
E167,0.02005104304122679,A,0.6025061412332869,0.13941213758368015,0.21131563973652331,10,220,***体育文化股份有限公司,False,其他,0.3,1.0,0.02005104304122679,A,100.0,0.0745,0.511096611982035,0.017588578776926208,,0.48890338801796496,48.890338801796496,7.449999999999999,3.5692977203065226,0.5881813725689891,1.2222584700449124,1.7588578776926211,False,0.02005104304122679,A,100.0,0.0745,0.511096611982035,1.7588578776926211
E273,0.02065041060301468,A,0.7417846449767738,0.08052395012531177,0.2313240812129822,11,49,个体经营E273 ,False,未知,0.0,1.0,0.02065041060301468,A,100.0,0.0745,0.511096611982035,0.017390928131994367,,0.48890338801796496,48.890338801796496,7.449999999999999,3.567114625710908,0.605763342466559,1.2222584700449124,1.7390928131994365,False,0.02065041060301468,A,100.0,0.0745,0.511096611982035,1.7390928131994365
E197,0.019210375385465175,A,0.8135203583378118,0.055549821387463824,0.24233696610483238,12,2,***医疗设备有限公司,False,正面/轻影响,0.9,0.9,0.021299398268713913,A,100.0,0.0745,0.511096611982035,0.017865801828235467,,0.48890338801796496,48.890338801796496,7.449999999999999,3.5723597095315096,0.5635210566630506,1.2222584700449124,1.7865801828235464,False,0.021299398268713913,A,100.0,0.0745,0.511096611982035,1.7176914496862628
E171,0.02190552089168732,A,0.7872548722134433,0.06405675276918882,0.23703946238576298,13,6,***质量检验测试站,False,其他,0.3,1.0,0.021905520891687316,A,100.0,0.0745,0.511096611982035,0.016977036266914523,,0.48890338801796496,48.890338801796496,7.449999999999999,3.562543099551019,0.6425810028146546,1.2222584700449124,1.6977036266914522,False,0.021905520891687316,A,100.0,0.0745,0.511096611982035,1.6977036266914522
E195,0.020396216641654984,A,0.7492865078729684,0.07822528268947267,0.23378537946443095,14,37,***医药有限公司,False,正面/轻影响,0.9,0.9,0.022611220340882775,A,100.0,0.0745,0.511096611982035,0.017474752488872557,,0.48890338801796496,48.890338801796496,7.449999999999999,3.56804048406338,0.5983067651312113,1.2222584700449124,1.7474752488872562,False,0.022611220340882775,A,100.0,0.0985,0.708302023264193,1.683274170344514
E127,0.022632379199559235,A,0.7437499037576402,0.08425720383960886,0.2445512730162159,15,47,个体经营E127 ,False,未知,0.0,1.0,0.022632379199559235,A,100.0,0.0985,0.708302023264193,0.016828430564053365,,0.291697976735807,29.1697976735807,9.85,2.8081971515185935,0.39610915327373947,0.7292449418395175,1.6828430564053365,False,0.022632379199559235,A,100.0,0.0985,0.708302023264193,1.6828430564053365
E185,0.02443992173750735,A,0.6951935689076699,0.09786647204268893,0.22321097928262063,16,121,***生态魔芋有限公司,False,其他,0.3,1.0,0.024439921737507354,A,100.0,0.0985,0.708302023264193,0.01646014189797678,,0.291697976735807,29.1697976735807,9.85,2.8030036749819374,0.4277445433447417,0.7292449418395175,1.646014189797678,False,0.024439921737507354,A,100.0,0.0985,0.708302023264193,1.646014189797678
E152,0.02544519495368758,A,0.7412633640736952,0.08347300923994008,0.2391446554023237,17,50,***运贸有限责任公司,False,其他,0.3,1.0,0.025445194953687578,A,100.0,0.0985,0.708302023264193,0.01625531643796309,,0.291697976735807,29.1697976735807,9.85,2.8001152987741564,0.44533871313833,0.7292449418395175,1.6255316437963088,False,0.025445194953687578,A,100.0,0.0985,0.708302023264193,1.6255316437963088
E126,0.025451916718985532,A,0.7751736769529918,0.06997730050238775,0.2412731774398966,18,14,个体经营E126 ,False,未知,0.0,1.0,0.025451916718985532,A,100.0,0.0985,0.708302023264193,0.016253946871314845,,0.291697976735807,29.1697976735807,9.85,2.800095985629582,0.44545635665858035,0.7292449418395175,1.6253946871314842,False,0.025451916718985532,A,100.0,0.0985,0.708302023264193,1.6253946871314842
E124,0.02666265919539959,A,0.5895174730806948,0.14448060791681977,0.2074968781924063,19,232,个体经营E124 ,False,未知,0.0,1.0,0.02666265919539959,A,100.0,0.0985,0.708302023264193,0.016007256836508263,,0.291697976735807,29.1697976735807,9.85,2.7966172499920092,0.46664662450166516,0.7292449418395175,1.6007256836508268,False,0.02666265919539959,A,100.0,0.0985,0.708302023264193,1.6007256836508268
E125,0.026722654925197875,A,0.7403068159352404,0.08141147495041717,0.23207952114024505,20,51,个体经营E125 ,False,未知,0.0,1.0,0.02672265492519788,A,100.0,0.0985,0.708302023264193,0.015995032644361293,,0.291697976735807,29.1697976735807,9.85,2.7964448687570087,0.46769666248136205,0.7292449418395175,1.5995032644361293,False,0.02672265492519788,A,100.0,0.0985,0.708302023264193,1.599503264436129
E176,0.024293771843769057,A,0.7806131248989533,0.06793207212386718,0.24171303354883336,21,8,***科技有限公司,False,正面/轻影响,0.9,0.9,0.026920413339785978,A,100.0,0.0985,0.708302023264193,0.016489920090346853,,0.291697976735807,29.1697976735807,9.85,2.803423596520728,0.4251866456465249,0.7292449418395175,1.6489920090346857,False,0.026920413339785978,A,100.0,0.0985,0.708302023264193,1.5954739162362936
E132,0.02837542524226984,A,0.7788442135414388,0.06823028670631036,0.24028656378584234,22,11,个体经营E132 ,False,未知,0.0,1.0,0.02837542524226984,A,100.0,0.0985,0.708302023264193,0.015658278978748316,,0.291697976735807,29.1697976735807,9.85,2.7916960876456445,0.4966232479312955,0.7292449418395175,1.5658278978748315,False,0.02837542524226984,A,100.0,0.0985,0.708302023264193,1.5658278978748315
E196,0.029504411868155788,A,0.7572938488334816,0.0740356698750787,0.2310067426028956,23,25,***地质制图印刷厂,False,其他,0.3,1.0,0.029504411868155785,A,100.0,0.0985,0.708302023264193,0.015428246783247213,,0.291697976735807,29.1697976735807,9.85,2.7884522549674973,0.5163826348032585,0.7292449418395175,1.5428246783247213,False,0.029504411868155785,A,100.0,0.0985,0.708302023264193,1.5428246783247213
E173,0.030131386063034022,A,0.7377998274850279,0.08005209825294156,0.2252570000786793,24,55,***贸易有限责任公司,False,其他,0.3,1.0,0.030131386063034022,A,100.0,0.0985,0.708302023264193,0.015300500141025304,,0.291697976735807,29.1697976735807,9.85,2.786650816991999,0.527355861049951,0.7292449418395175,1.5300500141025304,False,0.030131386063034022,A,100.0,0.0985,0.708302023264193,1.5300500141025304
E145,0.030410759547994753,A,0.7572415285191874,0.07324556475984055,0.22847640734291177,25,26,***工贸有限公司,False,其他,0.3,1.0,0.030410759547994756,A,100.0,0.0985,0.708302023264193,0.015243577503824103,,0.291697976735807,29.1697976735807,9.85,2.7858481140908795,0.5322454218689516,0.7292449418395175,1.5243577503824102,False,0.030410759547994756,A,100.0,0.0985,0.708302023264193,1.5243577503824102
E147,0.036343979301484426,A,0.7452530364215859,0.07899200745174487,0.23108826334775454,26,45,***装饰工程有限责任公司,False,中度负面,0.9,1.15,0.03175399065945604,A,100.0,0.0985,0.708302023264193,0.014034677827785232,,0.291697976735807,29.1697976735807,9.85,2.768800638344304,0.6360879137262633,0.7292449418395175,1.403467782778523,False,0.03175399065945604,A,100.0,0.0985,0.708302023264193,1.4969892772269064
E165,0.03236858187002331,A,0.7480970497862371,0.07735218303093362,0.22971918300623737,27,40,***文化传媒股份有限公司,False,其他,0.3,1.0,0.03236858187002331,A,100.0,0.0985,0.708302023264193,0.01484466917593857,,0.291697976735807,29.1697976735807,9.85,2.7802228499109614,0.5665109904775875,0.7292449418395175,1.4844669175938563,False,0.03236858187002331,A,100.0,0.0985,0.708302023264193,1.4844669175938563
E180,0.032402152034233314,A,0.7652543669516544,0.07049235305539783,0.22980014712874827,28,17,***电气有限公司,False,其他,0.3,1.0,0.032402152034233314,A,100.0,0.0985,0.708302023264193,0.014837829220176912,,0.291697976735807,29.1697976735807,9.85,2.780126395273521,0.5670985314163122,0.7292449418395175,1.4837829220176917,False,0.032402152034233314,A,100.0,0.0985,0.708302023264193,1.4837829220176917
E225,0.032761297005662326,A,0.7650917562704983,0.07136089663949927,0.23242110567146163,29,18,***物业服务有限责任公司***分公司,False,其他,0.3,1.0,0.032761297005662326,A,100.0,0.0985,0.708302023264193,0.014764653059904717,,0.291697976735807,29.1697976735807,9.85,2.7790944909375423,0.5733842431075532,0.7292449418395175,1.4764653059904718,False,0.032761297005662326,A,100.0,0.0985,0.708302023264193,1.4764653059904718
E256,0.03300969402781491,A,0.7265149432915473,0.08652348868398056,0.22985024568139822,30,69,***物资有限公司,False,其他,0.3,1.0,0.0330096940278149,A,100.0,0.0985,0.708302023264193,0.014714041909115525,,0.291697976735807,29.1697976735807,9.85,2.7783807903859694,0.5777316576348996,0.7292449418395175,1.4714041909115525,False,0.0330096940278149,A,100.0,0.0985,0.708302023264193,1.4714041909115525
E169,0.03783521905698024,A,0.778918985457488,0.06580557131361904,0.23184808044744237,31,10,***建筑设计有限公司,False,中度负面,0.9,1.15,0.03306335910622766,A,100.0,0.0985,0.708302023264193,0.013730836181560202,,0.291697976735807,29.1697976735807,9.85,2.7645159708921687,0.6621874108966311,0.7292449418395175,1.37308361815602,False,0.03306335910622766,A,100.0,0.0985,0.708302023264193,1.4703107593751663
E188,0.03408241972540585,A,0.7499575758104792,0.0761038649158035,0.22825994519555667,32,35,***硬质合金有限公司,False,其他,0.3,1.0,0.03408241972540585,A,100.0,0.0985,0.708302023264193,0.014495472936083047,,0.291697976735807,29.1697976735807,9.85,2.775298608017509,0.5965063725696866,0.7292449418395175,1.4495472936083051,False,0.03408241972540585,A,100.0,0.0985,0.708302023264193,1.4495472936083051
E330,0.04388369844758216,A,0.747227766077274,0.07857815928327114,0.23228731064525346,33,42,***酒店管理有限公司,False,严重负面,0.9,1.3,0.03410204275056606,A,100.0,0.1025,0.731275401311664,0.012541834347209794,,0.268724598688336,26.872459868833598,10.25,2.6335526866990073,0.7075577552571881,0.67181149672084,1.2541834347209793,False,0.03410204275056606,A,100.0,0.0985,0.708302023264193,1.4491474724362488
E234,0.03941842215101067,A,0.7635188969116966,0.07293625632917076,0.23548693426266246,34,19,***机电设备商贸有限公司,False,中度负面,0.9,1.15,0.03445403539811302,A,100.0,0.0985,0.708302023264193,0.013408256909765758,,0.291697976735807,29.1697976735807,9.85,2.759967072070157,0.6898964392540639,0.7292449418395175,1.3408256909765757,False,0.03445403539811302,A,100.0,0.0985,0.708302023264193,1.4419755857496428
E142,0.035318982045212804,A,0.7527247804067488,0.07541205831070014,0.22956010361780685,35,29,***运业有限公司,False,其他,0.3,1.0,0.035318982045212804,A,100.0,0.0985,0.708302023264193,0.014243522081416441,,0.291697976735807,29.1697976735807,9.85,2.771745686158574,0.6181485361774121,0.7292449418395175,1.4243522081416446,False,0.035318982045212804,A,100.0,0.0985,0.708302023264193,1.4243522081416446
E289,0.03594094962091012,A,0.7347913966763318,0.08329581832464772,0.2307807888470702,36,59,***运业有限公司***分公司,False,其他,0.3,1.0,0.03594094962091012,A,100.0,0.0985,0.708302023264193,0.014116795543043254,,0.291697976735807,29.1697976735807,9.85,2.769958633326826,0.6290341371829831,0.7292449418395175,1.4116795543043255,False,0.03594094962091012,A,100.0,0.0985,0.708302023264193,1.4116795543043255
E155,0.03688032966167074,A,0.7338470145175991,0.08104744902106607,0.22346707248305311,37,62,个体经营E155 ,False,未知,0.0,1.0,0.036880329661670735,A,100.0,0.0985,0.708302023264193,0.013925395885836054,,0.291697976735807,29.1697976735807,9.85,2.7672595830426583,0.6454750526195355,0.7292449418395175,1.3925395885836052,False,0.036880329661670735,A,100.0,0.0985,0.708302023264193,1.3925395885836056
E246,0.03713924790737611,A,0.750497429714353,0.07677949512860165,0.23095078212144596,38,33,***物业服务有限公司,False,其他,0.3,1.0,0.03713924790737611,A,100.0,0.0985,0.708302023264193,0.013872641024840102,,0.291697976735807,29.1697976735807,9.85,2.766515652647798,0.6500066083242698,0.7292449418395175,1.3872641024840107,False,0.03713924790737611,A,100.0,0.0985,0.708302023264193,1.3872641024840107
E220,0.03716901448658626,A,0.7627163974045446,0.07255849190401846,0.23322956555279342,39,20,***文化传播有限公司,False,其他,0.3,1.0,0.03716901448658626,A,100.0,0.0985,0.708302023264193,0.01386657605346554,,0.291697976735807,29.1697976735807,9.85,2.766430126566138,0.6505275793800667,0.7292449418395175,1.3866576053465542,False,0.03716901448658626,A,100.0,0.0985,0.708302023264193,1.3866576053465542
E144,0.037822987802403035,A,0.7748562199316555,0.0686955670721626,0.23642308666683662,40,15,***劳务有限公司,False,其他,0.3,1.0,0.037822987802403035,A,100.0,0.0985,0.708302023264193,0.01373332831236106,,0.291697976735807,29.1697976735807,9.85,2.764551114039468,0.6619733409638443,0.7292449418395175,1.3733328312361062,False,0.037822987802403035,A,100.0,0.0985,0.708302023264193,1.3733328312361062
E135,0.04345096539601187,A,0.7601382592139747,0.07350971587560812,0.23295731648527304,41,23,***建设工程有限公司,False,中度负面,0.9,1.15,0.0379988070640315,A,100.0,0.1025,0.731275401311664,0.012623525273184529,,0.268724598688336,26.872459868833598,10.25,2.6347446183591368,0.7005805943198439,0.67181149672084,1.2623525273184528,False,0.0379988070640315,A,100.0,0.0985,0.708302023264193,1.3697504955523652
E221,0.03869381256671445,A,0.7513072105653722,0.07572359908295184,0.22876290917126843,42,31,***测绘服务有限公司,False,其他,0.3,1.0,0.03869381256671444,A,100.0,0.0985,0.708302023264193,0.013555896863805074,,0.291697976735807,29.1697976735807,9.85,2.7620490384943333,0.6772144102743087,0.7292449418395175,1.3555896863805068,False,0.03869381256671444,A,100.0,0.0985,0.708302023264193,1.3555896863805068
E211,0.038995458195897385,A,0.738914209146677,0.07961256222906671,0.22531618157144429,43,53,个体经营E211 ,False,未知,0.0,1.0,0.03899545819589739,A,100.0,0.0985,0.708302023264193,0.013494436254127952,,0.291697976735807,29.1697976735807,9.85,2.7611823427100535,0.6824937754577406,0.7292449418395175,1.3494436254127953,False,0.03899545819589739,A,100.0,0.0985,0.708302023264193,1.3494436254127953
E258,0.04502669661048578,A,0.7174656122041903,0.09094536339495374,0.23094594372862656,44,86,***国际货运有限公司,False,中度负面,0.9,1.15,0.039384958956677915,A,100.0,0.1025,0.731275401311664,0.012326060262063778,,0.268724598688336,26.872459868833598,10.25,2.630404381542073,0.7259868586148549,0.67181149672084,1.232606026206378,False,0.039384958956677915,A,100.0,0.0985,0.708302023264193,1.3415075070304021
E181,0.03949984998892208,A,0.5891608438525887,0.14024317035257383,0.20111467797835267,45,233,***食品有限公司,False,其他,0.3,1.0,0.03949984998892209,A,100.0,0.0985,0.708302023264193,0.013391665903370997,,0.291697976735807,29.1697976735807,9.85,2.7597331115648047,0.6913215793881875,0.7292449418395175,1.3391665903370997,False,0.03949984998892209,A,100.0,0.0985,0.708302023264193,1.3391665903370997
E154,0.04524784095059491,A,0.5771149771674843,0.1439546327961655,0.19645617634516216,46,243,***汽车销售服务有限公司,False,中度负面,0.9,1.15,0.03957954285180283,A,100.0,0.1025,0.731275401311664,0.012284312847920042,,0.268724598688336,26.872459868833598,10.25,2.6297952555705804,0.7295524740577363,0.67181149672084,1.2284312847920043,False,0.03957954285180283,A,100.0,0.0985,0.708302023264193,1.3375428399937475
E204,0.03591442279610662,A,0.7595253145871296,0.07340335543787065,0.23184023106207458,47,24,***科技发展有限公司,False,正面/轻影响,0.9,0.9,0.039746306921079846,A,100.0,0.0985,0.708302023264193,0.014122200411098653,,0.291697976735807,29.1697976735807,9.85,2.7700348508649015,0.6285698679155187,0.7292449418395175,1.4122200411098653,False,0.039746306921079846,A,100.0,0.0985,0.708302023264193,1.3341450047929642
E310,0.039806533095702284,A,0.7334499183362686,0.0818299754402141,0.22516664946964965,48,63,***律师事务所,False,其他,0.3,1.0,0.03980653309570229,A,100.0,0.0985,0.708302023264193,0.013329178902410834,,0.291697976735807,29.1697976735807,9.85,2.7588519419735986,0.6966891098929978,0.7292449418395175,1.3329178902410832,False,0.03980653309570229,A,100.0,0.0985,0.708302023264193,1.3329178902410832
E205,0.03982583856290431,A,0.6934146722508361,0.0999809323578884,0.22613034339007845,49,124,个体经营E205 ,False,未知,0.0,1.0,0.0398258385629043,A,100.0,0.0985,0.708302023264193,0.013325245393453478,,0.291697976735807,29.1697976735807,9.85,2.758796473021229,0.697026991836364,0.7292449418395175,1.3325245393453478,False,0.0398258385629043,A,100.0,0.0985,0.708302023264193,1.3325245393453478
E209,0.040767166994019985,A,0.7800133026724613,0.0653457889410388,0.23169848571228402,50,9,***工程检测有限公司,False,其他,0.3,1.0,0.04076716699401999,A,100.0,0.0985,0.708302023264193,0.013133448749691447,,0.291697976735807,29.1697976735807,9.85,2.756091824573046,0.713502007764384,0.7292449418395175,1.3133448749691445,False,0.04076716699401999,A,100.0,0.0985,0.708302023264193,1.3133448749691445
E213,0.037294495589522574,A,0.7492709192413468,0.07542815907167953,0.22540714429021957,51,38,***科技有限公司,False,正面/轻影响,0.9,0.9,0.041267323542154614,A,100.0,0.0985,0.708302023264193,0.013841009148649733,,0.291697976735807,29.1697976735807,9.85,2.7660695911152637,0.6527237344107727,0.7292449418395175,1.3841009148649737,False,0.041267323542154614,A,100.0,0.1025,0.731275401311664,1.3035751065486465
E164,0.04165985056170618,A,0.7520622627403996,0.07529100792825075,0.22837800494742186,52,30,个体经营E164 ,False,未知,0.0,1.0,0.04165985056170619,A,100.0,0.1025,0.731275401311664,0.012961650195259631,,0.268724598688336,26.872459868833598,10.25,2.6396781136634355,0.6717015974166325,0.67181149672084,1.296165019525963,False,0.04165985056170619,A,100.0,0.1025,0.731275401311664,1.296165019525963
E235,0.04209398386789636,A,0.7562870006080455,0.07408326786735608,0.22989423046957402,53,28,个体经营E235 ,False,未知,0.0,1.0,0.04209398386789636,A,100.0,0.1025,0.731275401311664,0.012879694930575187,,0.268724598688336,26.872459868833598,10.25,2.638482325103983,0.6787013353256243,0.67181149672084,1.2879694930575187,False,0.04209398386789636,A,100.0,0.1025,0.731275401311664,1.2879694930575187
E250,0.042181768514294754,A,0.7288278414711764,0.0846598333878673,0.22753974435332838,54,65,***塑料厂,False,其他,0.3,1.0,0.042181768514294754,A,100.0,0.1025,0.731275401311664,0.012863123030128414,,0.268724598688336,26.872459868833598,10.25,2.63824052869177,0.6801167289580886,0.67181149672084,1.2863123030128416,False,0.042181768514294754,A,100.0,0.1025,0.731275401311664,1.2863123030128416
E206,0.04834278857092281,A,0.7621625455813394,0.07136482911309848,0.22869232247193494,55,21,***建设工程有限公司,False,中度负面,0.9,1.15,0.04230395849487604,A,100.0,0.1025,0.731275401311664,0.011700051636463132,,0.268724598688336,26.872459868833598,10.25,2.6212704478589313,0.7794537874917783,0.67181149672084,1.1700051636463131,False,0.04230395849487604,A,100.0,0.1025,0.731275401311664,1.2840056124047867
E140,0.049407368574456365,A,0.7221174277265265,0.089291065995649,0.2320355478510613,56,78,***建筑工程有限公司,False,中度负面,0.9,1.15,0.04324159704600555,A,100.0,0.1025,0.731275401311664,0.011499081255422748,,0.268724598688336,26.872459868833598,10.25,2.618338139808164,0.7966185175450494,0.67181149672084,1.1499081255422747,False,0.04324159704600555,A,100.0,0.1025,0.731275401311664,1.2663049627332557
E212,0.043269177550957084,A,0.7342734750931665,0.08306824868167396,0.22953979340519934,57,61,***建电管理咨询有限公司,False,其他,0.3,1.0,0.043269177550957084,A,100.0,0.1025,0.731275401311664,0.012657843006344939,,0.268724598688336,26.872459868833598,10.25,2.635245339732652,0.6976495423773179,0.67181149672084,1.2657843006344942,False,0.043269177550957084,A,100.0,0.1025,0.731275401311664,1.2657843006344942
E150,0.0497253329969739,A,0.7621098917372865,0.07114461356225965,0.2279204214735446,58,22,***建设工程有限公司,False,中度负面,0.9,1.15,0.043521697943827375,A,100.0,0.1025,0.731275401311664,0.011439056239981416,,0.268724598688336,26.872459868833598,10.25,2.6174623299743227,0.801745209255341,0.67181149672084,1.1439056239981418,False,0.043521697943827375,A,100.0,0.1025,0.731275401311664,1.261017245137757
E159,0.04405657966243549,A,0.7464250769923899,0.07785883672142255,0.2291858654831639,59,43,个体经营E159 ,False,未知,0.0,1.0,0.04405657966243549,A,100.0,0.1025,0.731275401311664,0.012509197999064539,,0.268724598688336,26.872459868833598,10.25,2.6330764979894146,0.7103452013621209,0.67181149672084,1.2509197999064536,False,0.04405657966243549,A,100.0,0.1025,0.731275401311664,1.2509197999064536
E308,0.057840537576125534,A,0.7130151779990307,0.08838215368860652,0.21958588821818129,60,94,***餐饮文化服务有限公司,False,严重负面,0.9,1.3,0.04509463613451662,A,100.0,0.1225,0.81480900767149,0.010317029369266628,,0.18519099232851,18.519099232850998,12.25,2.1373732107801673,0.6426927930322294,0.462977480821275,1.0317029369266628,False,0.04509463613451662,A,100.0,0.1025,0.731275401311664,1.2313234704579266
E175,0.0451703761541593,A,0.5824654948638698,0.13837220373466336,0.1930308348945618,61,240,***食品集团有限公司,False,其他,0.3,1.0,0.0451703761541593,A,100.0,0.1025,0.731275401311664,0.012298936577095122,,0.268724598688336,26.872459868833598,10.25,2.63000862670801,0.7283034722776583,0.67181149672084,1.2298936577095119,False,0.0451703761541593,A,100.0,0.1025,0.731275401311664,1.2298936577095119
E315,0.04558905821389736,A,0.714189631987169,0.08987842734674044,0.2245903162878694,62,93,***轮胎有限公司,False,其他,0.3,1.0,0.04558905821389736,A,100.0,0.1025,0.731275401311664,0.012219898183737136,,0.268724598688336,26.872459868833598,10.25,2.628855397481079,0.7350540823865254,0.67181149672084,1.2219898183737135,False,0.04558905821389736,A,100.0,0.1025,0.731275401311664,1.2219898183737135
E143,0.04141577362954929,A,0.7759093916870478,0.06728677871469255,0.23297916826655563,63,13,***电子科技有限公司,False,正面/轻影响,0.9,0.9,0.045806734992039314,A,100.0,0.1025,0.731275401311664,0.0130077268018988,,0.268724598688336,26.872459868833598,10.25,2.6403504057887757,0.667766228878056,0.67181149672084,1.3007726801898798,False,0.045806734992039314,A,100.0,0.1025,0.731275401311664,1.217880537258003
E228,0.04588346091911708,A,0.7494231632767328,0.07631369306448955,0.22823837193252,64,36,***文化发展有限公司,False,其他,0.3,1.0,0.04588346091911708,A,100.0,0.1025,0.731275401311664,0.012164321126446054,,0.268724598688336,26.872459868833598,10.25,2.628044486680746,0.7398008773153011,0.67181149672084,1.216432112644605,False,0.04588346091911708,A,100.0,0.1025,0.731275401311664,1.216432112644605
E178,0.04598668078768669,A,0.5830515453993946,0.13900733375645752,0.1943847971476192,65,238,***贸易有限公司,False,其他,0.3,1.0,0.04598668078768669,A,100.0,0.1025,0.731275401311664,0.012144835379721034,,0.268724598688336,26.872459868833598,10.25,2.6277601750737265,0.7414651403807829,0.67181149672084,1.2144835379721037,False,0.04598668078768669,A,100.0,0.1025,0.731275401311664,1.2144835379721037
E348,0.059741375321989185,A,0.6873210743793147,0.1004824680722117,0.22087743129660026,66,137,***酒店管理有限公司,False,严重负面,0.9,1.3,0.046597316659269916,A,100.0,0.1225,0.81480900767149,0.010062696343738974,,0.18519099232851,18.519099232850998,12.25,2.1330609899321202,0.6638138747369481,0.462977480821275,1.0062696343738973,False,0.046597316659269916,A,100.0,0.1025,0.731275401311664,1.2029560131847061
E172,0.05355856793755221,A,0.7488425358695956,0.07637442143743646,0.2277153721980886,67,39,***物流有限公司,False,中度负面,0.9,1.15,0.04690030864572727,A,100.0,0.1225,0.81480900767149,0.010889959013454168,,0.18519099232851,18.519099232850998,12.25,2.1470872428096444,0.5951138606429527,0.462977480821275,1.0889959013454167,False,0.04690030864572727,A,100.0,0.1025,0.731275401311664,1.1972361598370576
E298,0.04762694213132843,A,0.7259259125620074,0.08447355665310106,0.22374075664717627,68,71,***电器维护服务有限公司,False,其他,0.3,1.0,0.04762694213132843,A,100.0,0.1025,0.731275401311664,0.011835188433372869,,0.268724598688336,26.872459868833598,10.25,2.623242194717757,0.7679118546596301,0.67181149672084,1.183518843337287,False,0.04762694213132843,A,100.0,0.1025,0.731275401311664,1.183518843337287
E160,0.048193444411011,A,0.7435076313343799,0.0790757206680834,0.22922086171940892,69,48,***钢结构工程有限公司,False,其他,0.3,1.0,0.048193444411011,A,100.0,0.1025,0.731275401311664,0.011728244682193852,,0.268724598688336,26.872459868833598,10.25,2.6216818054656783,0.7770458405254534,0.67181149672084,1.172824468219385,False,0.048193444411011,A,100.0,0.1025,0.731275401311664,1.172824468219385
E174,0.04367670193364248,A,0.7475679737520302,0.076526461698748,0.22663024482617714,70,41,***工程技术有限公司,False,正面/轻影响,0.9,0.9,0.04829529335596871,A,100.0,0.1025,0.731275401311664,0.012580910948444466,,0.268724598688336,26.872459868833598,10.25,2.634122843514175,0.7042202519488886,0.67181149672084,1.2580910948444464,False,0.04829529335596871,A,100.0,0.1025,0.731275401311664,1.1709017737099285
E170,0.05618254079863281,A,0.7100355997091671,0.08978738474104721,0.21986229863729467,71,100,***建筑劳务有限公司,False,中度负面,0.9,1.15,0.04921503885906406,A,100.0,0.1225,0.81480900767149,0.010538870153758852,,0.18519099232851,18.519099232850998,12.25,2.1411345251193086,0.6242700289221484,0.462977480821275,1.0538870153758852,False,0.04921503885906406,A,100.0,0.1025,0.731275401311664,1.153538907264596
E259,0.049528503965083036,A,0.740157099042709,0.07920802621131805,0.22562241525737942,72,52,***文化传媒有限公司,False,其他,0.3,1.0,0.049528503965083036,A,100.0,0.1025,0.731275401311664,0.011476213433811493,,0.268724598688336,26.872459868833598,10.25,2.6180044812010252,0.7985716410990358,0.67181149672084,1.1476213433811495,False,0.049528503965083036,A,100.0,0.1025,0.731275401311664,1.1476213433811495
E168,0.0572212317011978,A,0.6938974780821543,0.10052587025528116,0.22788001684897838,73,122,***建材有限公司,False,中度负面,0.9,1.15,0.05013175812459406,A,100.0,0.1225,0.81480900767149,0.010399892800004036,,0.18519099232851,18.519099232850998,12.25,2.1387781616819432,0.6358114008602648,0.462977480821275,1.0399892800004034,False,0.05013175812459406,A,100.0,0.1025,0.731275401311664,1.1362331698386523
E241,0.050927295580610044,A,0.7229955745510646,0.08799162519835205,0.2296625965915915,74,76,个体经营E241 ,False,未知,0.0,1.0,0.050927295580610044,A,100.0,0.1225,0.81480900767149,0.011242024549286802,,0.18519099232851,18.519099232850998,12.25,2.1530565200607863,0.5658765843108309,0.462977480821275,1.1242024549286804,False,0.050927295580610044,A,100.0,0.1225,0.81480900767149,1.1242024549286804
E146,0.05856778806439018,A,0.7285199937694821,0.08286386155161456,0.22236620935553555,75,67,***基础建设工程有限公司,False,中度负面,0.9,1.15,0.05132056334433443,A,100.0,0.1225,0.81480900767149,0.010219722896160592,,0.18519099232851,18.519099232850998,12.25,2.135723377845151,0.6507736074078168,0.462977480821275,1.0219722896160595,False,0.05132056334433443,A,100.0,0.1225,0.81480900767149,1.1189405129029508
E182,0.04732747914035056,A,0.7247521524026722,0.0849837722693604,0.22376985836279237,76,74,***新材料科技有限公司,False,正面/轻影响,0.9,0.9,0.052311004823766445,A,100.0,0.1025,0.731275401311664,0.011891720766503825,,0.268724598688336,26.872459868833598,10.25,2.624067043706501,0.7630834703352778,0.67181149672084,1.189172076650383,False,0.052311004823766445,A,100.0,0.1225,0.81480900767149,1.1056883571826541
E224,0.053343924124496636,A,0.5662366275906696,0.1478961106752267,0.19306423794466845,77,251,***纸业有限公司,False,其他,0.3,1.0,0.053343924124496636,A,100.0,0.1225,0.81480900767149,0.010918678461236607,,0.18519099232851,18.519099232850998,12.25,2.1475741815436717,0.5927288545987365,0.462977480821275,1.0918678461236604,False,0.053343924124496636,A,100.0,0.1225,0.81480900767149,1.0918678461236604
E190,0.054087505440956675,A,0.6850003415947683,0.10149646914423148,0.2207148934270296,78,138,***劳务有限公司,False,其他,0.3,1.0,0.054087505440956675,A,100.0,0.1225,0.81480900767149,0.010819186915283961,,0.18519099232851,18.519099232850998,12.25,2.1458873006607377,0.6009911283110669,0.462977480821275,1.0819186915283958,False,0.054087505440956675,A,100.0,0.1225,0.81480900767149,1.0819186915283958
E191,0.062055547001667925,A,0.5524736511665024,0.15285951447943552,0.18870588134110639,79,260,***商贸有限责任公司,False,中度负面,0.9,1.15,0.054401683421783024,A,100.0,0.1225,0.81480900767149,0.009753059034524194,,0.18519099232851,18.519099232850998,12.25,2.1278110839973365,0.6895276997236425,0.462977480821275,0.975305903452419,False,0.054401683421783024,A,100.0,0.1225,0.81480900767149,1.0777149746887227
E161,0.06267062718815748,A,0.7147235263925089,0.09198866557017205,0.23046577452760586,80,91,***建筑劳务有限责任公司,False,中度负面,0.9,1.15,0.054945344406444045,A,100.0,0.1225,0.81480900767149,0.009670761002978671,,0.18519099232851,18.519099232850998,12.25,2.126415719448641,0.6963621383294988,0.462977480821275,0.9670761002978672,False,0.054945344406444045,A,100.0,0.1225,0.81480900767149,1.0704407639681568
E148,0.06386591248397432,A,0.7380191542414986,0.07927423829709121,0.2233213124103357,81,54,***商贸有限公司,False,中度负面,0.9,1.15,0.05600209234194682,A,100.0,0.1225,0.81480900767149,0.009510831242368997,,0.18519099232851,18.519099232850998,12.25,2.123704107590553,0.7096435025323785,0.462977480821275,0.9510831242368993,False,0.05600209234194682,A,100.0,0.1225,0.81480900767149,1.0563014246036382
E223,0.05200481643992839,A,0.5913352462215083,0.13861998278737434,0.20058221536086746,82,230,***科技有限公司,False,正面/轻影响,0.9,0.9,0.057451158604643136,A,100.0,0.1225,0.81480900767149,0.011097851728215702,,0.18519099232851,18.519099232850998,12.25,2.150612067385186,0.5778494137423409,0.462977480821275,1.1097851728215702,False,0.057451158604643136,A,100.0,0.1225,0.81480900767149,1.0369128467208817
E319,0.058294920486121615,A,0.6926825611213984,0.09744790483498068,0.21964410657370192,83,125,个体经营E319 ,False,未知,0.0,1.0,0.05829492048612162,A,100.0,0.1225,0.81480900767149,0.010256232712372141,,0.18519099232851,18.519099232850998,12.25,2.136342402410676,0.6477416503521868,0.462977480821275,1.0256232712372142,False,0.05829492048612162,A,100.0,0.1225,0.81480900767149,1.0256232712372142
E156,0.058417392936565636,A,0.6879524022275515,0.10083527532623754,0.2223054123318314,84,134,个体经营E156 ,False,未知,0.0,1.0,0.05841739293656563,A,100.0,0.1225,0.81480900767149,0.010239845838251509,,0.18519099232851,18.519099232850998,12.25,2.1360645626764505,0.6491024980300247,0.462977480821275,1.0239845838251507,False,0.05841739293656563,A,100.0,0.1225,0.81480900767149,1.0239845838251507
E311,0.05845153450194475,A,0.7360309034727233,0.08176074522474136,0.22797530456430207,85,58,***律师事务所,False,其他,0.3,1.0,0.05845153450194475,A,100.0,0.1225,0.81480900767149,0.01023527768000759,,0.18519099232851,18.519099232850998,12.25,2.135987109474391,0.6494818606523571,0.462977480821275,1.0235277680007588,False,0.05845153450194475,A,100.0,0.1225,0.81480900767149,1.0235277680007588
E243,0.05333890048760801,A,0.7179298474646466,0.08938649656346527,0.22750806232561102,86,83,***科技有限公司,False,正面/轻影响,0.9,0.9,0.05891627506039259,A,100.0,0.1225,0.81480900767149,0.010919350626323716,,0.18519099232851,18.519099232850998,12.25,2.147585578114353,0.5926730346607063,0.462977480821275,1.0919350626323718,False,0.05891627506039259,A,100.0,0.1225,0.81480900767149,1.0173095164654733
E128,0.05901277334789417,A,0.7287831794983124,0.08757761598635085,0.23532866919298562,87,66,个体经营E128 ,False,未知,0.0,1.0,0.05901277334789417,A,100.0,0.1225,0.81480900767149,0.010160183646313983,,0.18519099232851,18.519099232850998,12.25,2.1347138888339114,0.6557180433812381,0.462977480821275,1.0160183646313985,False,0.05901277334789417,A,100.0,0.1225,0.81480900767149,1.0160183646313985
E282,0.05922469499570951,A,0.7077801851988317,0.09105448715707393,0.22054138192876835,88,103,***影城有限公司***分公司,False,其他,0.3,1.0,0.05922469499570951,A,100.0,0.1225,0.81480900767149,0.010131828425579876,,0.18519099232851,18.519099232850998,12.25,2.13423312557579,0.658072802196527,0.462977480821275,1.0131828425579879,False,0.05922469499570951,A,100.0,0.1225,0.81480900767149,1.0131828425579879
E303,0.05964559097305221,A,0.7006707164134015,0.09471250047907143,0.2217032519131274,89,111,***图书发行有限公司,False,其他,0.3,1.0,0.05964559097305221,A,100.0,0.1225,0.81480900767149,0.010075512336748554,,0.18519099232851,18.519099232850998,12.25,2.133278285315328,0.6627495708191973,0.462977480821275,1.0075512336748558,False,0.05964559097305221,A,100.0,0.1225,0.81480900767149,1.0075512336748558
E337,0.060164938527506456,A,0.6771270556947574,0.1051576898590214,0.2205360287190388,90,149,个体经营E337 ,False,未知,0.0,1.0,0.06016493852750645,A,100.0,0.1225,0.81480900767149,0.01000602337846573,,0.18519099232851,18.519099232850998,12.25,2.1321000988254113,0.6685202801575633,0.462977480821275,1.000602337846573,False,0.06016493852750645,A,100.0,0.1225,0.81480900767149,1.000602337846573
E162,0.05641929704084235,A,0.7173986531058466,0.08445963245302493,0.21440530000838606,91,87,***网络信息安全有限公司,False,正面/轻影响,0.9,0.9,0.062297576106350526,A,100.0,0.1225,0.81480900767149,0.010507192052077244,,0.18519099232851,18.519099232850998,12.25,2.140597422357233,0.6269007363282336,0.462977480821275,1.0507192052077243,False,0.062297576106350526,A,100.0,0.1225,0.81480900767149,0.9720675421249665
E186,0.07103029167966196,A,0.7125172825653469,0.09195985040992104,0.22791972784968043,92,96,***建筑劳务有限公司,False,中度负面,0.9,1.15,0.062343068373283364,A,0.0,0.1225,0.81480900767149,0.008552233781417,,0.0,0.0,0.0,0.0,0.0,0.0,0.0,False,0.062343068373283364,A,100.0,0.1225,0.81480900767149,0.9714588533553796
E261,0.05673998356578197,A,0.7501136912505376,0.07524613014637724,0.2258753299405758,93,34,***医疗器械有限公司,False,正面/轻影响,0.9,0.9,0.0626494562819971,A,100.0,0.1225,0.81480900767149,0.010464284037276228,,0.18519099232851,18.519099232850998,12.25,2.1398699162239283,0.6304640316750307,0.462977480821275,1.0464284037276226,False,0.0626494562819971,A,100.0,0.1225,0.81480900767149,0.9673593680638113
E214,0.07149406754491966,A,0.7284573384227904,0.08262600513676857,0.22165769252182166,94,68,***建筑工程有限公司,False,中度负面,0.9,1.15,0.06275395466605262,A,0.0,0.1225,0.81480900767149,0.008490180342487573,,0.0,0.0,0.0,0.0,0.0,0.0,0.0,False,0.06275395466605262,A,100.0,0.1225,0.81480900767149,0.9659611745442744
E294,0.06419764808635216,A,0.712983072900771,0.09066071050058266,0.2252116368792601,95,95,个体经营E294 ,False,未知,0.0,1.0,0.06419764808635216,A,100.0,0.1225,0.81480900767149,0.009466444855571073,,0.18519099232851,18.519099232850998,12.25,2.122951535634464,0.7133295692560816,0.462977480821275,0.9466444855571072,False,0.06419764808635216,A,100.0,0.1225,0.81480900767149,0.9466444855571072
E280,0.06428560242731637,A,0.7176672024052323,0.08676149412665901,0.22054072108103995,96,85,个体经营E280 ,False,未知,0.0,1.0,0.06428560242731637,A,100.0,0.1225,0.81480900767149,0.00945467652148028,,0.18519099232851,18.519099232850998,12.25,2.12275200332635,0.7143068703570473,0.462977480821275,0.9454676521480276,False,0.06428560242731637,A,100.0,0.1225,0.81480900767149,0.9454676521480276
E227,0.05863772362167648,A,0.7259524106018431,0.08278254283160419,0.21929106056481715,97,70,***安全技术有限公司,False,正面/轻影响,0.9,0.9,0.06473128235250024,A,100.0,0.1225,0.81480900767149,0.010210365484190378,,0.18519099232851,18.519099232850998,12.25,2.1355647227633034,0.6515506935229906,0.462977480821275,1.021036548419038,False,0.06473128235250024,A,100.0,0.1225,0.81480900767149,0.9395044328235158
E254,0.06498419368311333,A,0.684405275443544,0.10146450928146043,0.22003804252469208,98,141,***设备安装工程有限公司,False,其他,0.3,1.0,0.06498419368311333,A,100.0,0.1225,0.81480900767149,0.009361204667777543,,0.18519099232851,18.519099232850998,12.25,2.12116718642966,0.7220692388306308,0.462977480821275,0.9361204667777543,False,0.06498419368311333,A,100.0,0.1225,0.81480900767149,0.9361204667777543
E277,0.07417245922716824,A,0.6964810215736015,0.0963325987966865,0.2210531518279537,99,119,***消防设备制造有限公司,False,中度负面,0.9,1.15,0.06512788130018408,A,0.0,0.1225,0.81480900767149,0.008131810217748243,,0.0,0.0,0.0,0.0,0.0,0.0,0.0,False,0.06512788130018408,A,100.0,0.1225,0.81480900767149,0.9341979193925296
E149,0.07423779241308588,A,0.7197965511349722,0.08932789239128239,0.2294686561633753,100,82,***建筑劳务有限公司,False,中度负面,0.9,1.15,0.06518580868969882,A,0.0,0.1225,0.81480900767149,0.00812306860533132,,0.0,0.0,0.0,0.0,0.0,0.0,0.0,False,0.06518580868969882,A,100.0,0.1225,0.81480900767149,0.933422848071042
E229,0.06579781080501923,A,0.5765201547764007,0.14368324177651318,0.19560856489883824,101,245,***家贸易有限公司,False,其他,0.3,1.0,0.06579781080501923,A,100.0,0.1225,0.81480900767149,0.00925234229660161,,0.18519099232851,18.519099232850998,12.25,2.11932142304294,0.731109712561504,0.462977480821275,0.925234229660161,False,0.06579781080501923,A,0.0,0.1225,0.81480900767149,0.0
E260,0.06648884188868563,A,0.745330106838118,0.07544776254148441,0.22080933171003633,102,44,***广告有限公司,False,其他,0.3,1.0,0.06648884188868563,A,100.0,0.1225,0.81480900767149,0.009159881997649227,,0.18519099232851,18.519099232850998,12.25,2.1177537570745435,0.7387880764883455,0.462977480821275,0.9159881997649231,False,0.06648884188868563,A,0.0,0.1225,0.81480900767149,0.0
E163,0.07665596350478128,A,0.7091214895155092,0.0916167232276875,0.22334887211687604,103,101,***物流有限公司,False,中度负面,0.9,1.15,0.06733057128439231,A,0.0,0.1225,0.81480900767149,0.007799516123625437,,0.0,0.0,0.0,0.0,0.0,0.0,0.0,False,0.06733057128439231,A,0.0,0.1225,0.81480900767149,0.0
E137,0.07672840855000086,A,0.7255405065864141,0.08437083047412897,0.22303639171654116,104,73,***建设工程有限公司,False,中度负面,0.9,1.15,0.06739484647581304,A,0.0,0.1225,0.81480900767149,0.007789822940935186,,0.0,0.0,0.0,0.0,0.0,0.0,0.0,False,0.06739484647581304,A,0.0,0.1225,0.81480900767149,0.0
E151,0.06745514201961816,A,0.6986737929679271,0.09628846588023819,0.2232604602773507,105,114,***路桥工程有限公司,False,其他,0.3,1.0,0.06745514201961816,A,100.0,0.1225,0.81480900767149,0.009030590564752005,,0.18519099232851,18.519099232850998,12.25,2.1155616185928947,0.7495250812964195,0.462977480821275,0.9030590564752001,False,0.06745514201961816,A,0.0,0.1225,0.81480900767149,0.0
E284,0.06154021373287238,A,0.7159075445442463,0.08758906314780301,0.22072276092823154,106,88,***成焊科技有限公司,False,正面/轻影响,0.9,0.9,0.06791363529966732,A,100.0,0.1225,0.81480900767149,0.009822010879411031,,0.18519099232851,18.519099232850998,12.25,2.128980163720332,0.6838015949579539,0.462977480821275,0.982201087941103,False,0.06791363529966732,A,0.0,0.1225,0.81480900767149,0.0
E202,0.06991740527255512,A,0.6792725182896309,0.10740103305068427,0.22746591529417895,107,147,个体经营E202 ,False,未知,0.0,1.0,0.06991740527255513,A,0.0,0.1225,0.81480900767149,0.008701138530180539,,0.0,0.0,0.0,0.0,0.0,0.0,0.0,False,0.06991740527255513,A,0.0,0.1225,0.81480900767149,0.0
E183,0.08035449268225558,A,0.7176970168959137,0.08798545760422559,0.2236848500800009,108,84,***建设工程有限公司,False,中度负面,0.9,1.15,0.07061357423686805,A,0.0,0.1225,0.81480900767149,0.007304651100160767,,0.0,0.0,0.0,0.0,0.0,0.0,0.0,False,0.07061357423686805,A,0.0,0.1225,0.81480900767149,0.0
E208,0.07103184395003138,A,0.5751387462361444,0.14090302646359074,0.19074177572848394,109,246,个体经营E208 ,False,未知,0.0,1.0,0.07103184395003137,A,0.0,0.1225,0.81480900767149,0.008552026086877919,,0.0,0.0,0.0,0.0,0.0,0.0,0.0,False,0.07103184395003137,A,0.0,0.1225,0.81480900767149,0.0
E290,0.07133833113971774,A,0.7206930733757143,0.08648294744077412,0.22315114751709303,110,80,***机电有限公司,False,其他,0.3,1.0,0.07133833113971774,A,0.0,0.1225,0.81480900767149,0.008511017950119257,,0.0,0.0,0.0,0.0,0.0,0.0,0.0,False,0.07133833113971774,A,0.0,0.1225,0.81480900767149,0.0
E201,0.0814417497164968,A,0.7362653473171996,0.0781962013419487,0.21829953991355122,111,57,***物流有限责任公司,False,中度负面,0.9,1.15,0.07157928789912314,A,0.0,0.1225,0.81480900767149,0.007159175574095209,,0.0,0.0,0.0,0.0,0.0,0.0,0.0,False,0.07157928789912314,A,0.0,0.1225,0.81480900767149,0.0
E266,0.07222526767498058,A,0.683895162068694,0.10261799727519955,0.22201479843512711,112,142,***煤矿机械有限公司,False,其他,0.3,1.0,0.07222526767498058,A,0.0,0.1225,0.81480900767149,0.008392345405366144,,0.0,0.0,0.0,0.0,0.0,0.0,0.0,False,0.07222526767498058,A,0.0,0.1225,0.81480900767149,0.0
E153,0.07227790348963145,A,0.6457118808078597,0.12120349792191873,0.22090082721969487,113,183,个体经营E153 ,False,未知,0.0,1.0,0.07227790348963145,A,0.0,0.1225,0.81480900767149,0.00838530270747128,,0.0,0.0,0.0,0.0,0.0,0.0,0.0,False,0.07227790348963145,A,0.0,0.1225,0.81480900767149,0.0
E301,0.07341740344769296,A,0.7442782744877131,0.07823231232390586,0.22769520387434916,114,46,***企业管理咨询有限公司,False,其他,0.3,1.0,0.07341740344769296,A,0.0,0.1225,0.81480900767149,0.008232837052497275,,0.0,0.0,0.0,0.0,0.0,0.0,0.0,False,0.07341740344769296,A,0.0,0.1225,0.81480900767149,0.0
E207,0.07354209956783396,A,0.6981432293234361,0.09557850522168454,0.22105678179692537,115,115,个体经营E207 ,False,未知,0.0,1.0,0.07354209956783396,A,0.0,0.1225,0.81480900767149,0.008216152650277236,,0.0,0.0,0.0,0.0,0.0,0.0,0.0,False,0.07354209956783396,A,0.0,0.1225,0.81480900767149,0.0
E355,0.07410554189409345,A,0.6104941230916799,0.13156591178226404,0.20621053674416315,116,215,***地毯经营部,False,其他,0.3,1.0,0.07410554189409346,A,0.0,0.1225,0.81480900767149,0.008140763789834122,,0.0,0.0,0.0,0.0,0.0,0.0,0.0,False,0.07410554189409346,A,0.0,0.1225,0.81480900767149,0.0
E375,0.07511267615900648,A,0.6296604072074845,0.1261722112926249,0.21452107062528633,117,195,***电器经营部,False,其他,0.3,1.0,0.07511267615900649,A,0.0,0.1225,0.81480900767149,0.008006008729721657,,0.0,0.0,0.0,0.0,0.0,0.0,0.0,False,0.07511267615900649,A,0.0,0.1225,0.81480900767149,0.0
E179,0.0762621565577744,A,0.7221881501111391,0.08458668486694629,0.21988803390687614,118,77,***园林有限公司,False,其他,0.3,1.0,0.0762621565577744,A,0.0,0.1225,0.81480900767149,0.007852207686871183,,0.0,0.0,0.0,0.0,0.0,0.0,0.0,False,0.0762621565577744,A,0.0,0.1225,0.81480900767149,0.0
E255,0.07645970487161602,A,0.7051106666370375,0.09276856450163928,0.22181916047197214,119,106,个体经营E255 ,False,未知,0.0,1.0,0.07645970487161602,A,0.0,0.1225,0.81480900767149,0.007825775625293827,,0.0,0.0,0.0,0.0,0.0,0.0,0.0,False,0.07645970487161602,A,0.0,0.1225,0.81480900767149,0.0
E230,0.08810086994358575,A,0.6910856851950999,0.09784525793293332,0.21889389348751512,120,127,***建筑劳务有限公司,False,中度负面,0.9,1.15,0.07750003743600138,A,0.0,0.1225,0.81480900767149,0.006268182011707574,,0.0,0.0,0.0,0.0,0.0,0.0,0.0,False,0.07750003743600138,A,0.0,0.1225,0.81480900767149,0.0
E299,0.07855446675716138,A,0.5568083616278211,0.14701291700188332,0.18470118649937978,121,258,***压缩天然气有限责任公司,False,其他,0.3,1.0,0.07855446675716138,A,0.0,0.1225,0.81480900767149,0.007545495454474356,,0.0,0.0,0.0,0.0,0.0,0.0,0.0,False,0.07855446675716138,A,0.0,0.1225,0.81480900767149,0.0
E272,0.07873356003893284,A,0.7235562706786804,0.08387306449994764,0.21952706942915037,122,75,个体经营E272 ,False,未知,0.0,1.0,0.07873356003893284,A,0.0,0.1225,0.81480900767149,0.007521532685267078,,0.0,0.0,0.0,0.0,0.0,0.0,0.0,False,0.07873356003893284,A,0.0,0.1225,0.81480900767149,0.0
E325,0.07169439394512067,A,0.5151649699472735,0.17335470806374162,0.18419929962602669,123,275,***通讯器材有限公司,False,正面/轻影响,0.9,0.9,0.07903087431271154,A,0.0,0.1225,0.81480900767149,0.008463376571588634,,0.0,0.0,0.0,0.0,0.0,0.0,0.0,False,0.07903087431271154,A,0.0,0.1225,0.81480900767149,0.0
E130,0.08029362147351435,A,0.7372128972356311,0.08115993255154584,0.22768297373186808,124,56,个体经营E130 ,False,未知,0.0,1.0,0.08029362147351433,A,0.0,0.1225,0.81480900767149,0.007312795697836385,,0.0,0.0,0.0,0.0,0.0,0.0,0.0,False,0.08029362147351433,A,0.0,0.1225,0.81480900767149,0.0
E200,0.08029406675352033,A,0.5828973320339979,0.13564885893428133,0.18956809447378936,125,239,个体经营E200 ,False,未知,0.0,1.0,0.08029406675352031,A,0.0,0.1225,0.81480900767149,0.007312736119152525,,0.0,0.0,0.0,0.0,0.0,0.0,0.0,False,0.08029406675352031,A,0.0,0.1225,0.81480900767149,0.0
E267,0.08127585048307909,A,0.6593870146966868,0.11269893175115421,0.21817198807240062,126,171,***林园艺场,False,其他,0.3,1.0,0.0812758504830791,A,0.0,0.1225,0.81480900767149,0.007181372973141846,,0.0,0.0,0.0,0.0,0.0,0.0,0.0,False,0.0812758504830791,A,0.0,0.1225,0.81480900767149,0.0
E189,0.0745266458566535,A,0.734351571830108,0.08138145327437948,0.22496876244130715,127,60,***石油工程技术服务有限公司,False,正面/轻影响,0.9,0.9,0.08212730951722058,A,0.0,0.1225,0.81480900767149,0.008084419872478401,,0.0,0.0,0.0,0.0,0.0,0.0,0.0,False,0.08212730951722058,A,0.0,0.1225,0.81480900767149,0.0
E157,0.08218957594489196,A,0.7219186218019298,0.08294902989091733,0.2153414576937453,128,79,***环境设备工程有限公司,False,其他,0.3,1.0,0.08218957594489196,A,0.0,0.1225,0.81480900767149,0.007059116056837326,,0.0,0.0,0.0,0.0,0.0,0.0,0.0,False,0.08218957594489196,A,0.0,0.1225,0.81480900767149,0.0
E313,0.09442075865651278,A,0.6873550737174859,0.09893691335451082,0.21751445059664715,129,136,***物流有限公司,False,中度负面,0.9,1.15,0.08312880115407734,A,0.0,0.1425,0.880180313431412,0.0056785648837737865,,0.0,0.0,0.0,0.0,0.0,0.0,0.0,False,0.08312880115407734,A,0.0,0.1225,0.81480900767149,0.0
E216,0.09529383793957281,A,0.7315201841816268,0.08183728561071284,0.22297998849705772,130,64,***建设工程有限公司,False,中度负面,0.9,1.15,0.0839071417167673,A,0.0,0.1425,0.880180313431412,0.005600890409884794,,0.0,0.0,0.0,0.0,0.0,0.0,0.0,False,0.0839071417167673,A,0.0,0.1225,0.81480900767149,0.0
E275,0.07632121005375421,A,0.6905105509516224,0.09719265836235709,0.21684925376487824,131,129,***网络工程有限公司,False,正面/轻影响,0.9,0.9,0.08408826471369693,A,0.0,0.1225,0.81480900767149,0.00784430630005728,,0.0,0.0,0.0,0.0,0.0,0.0,0.0,False,0.08408826471369693,A,0.0,0.1225,0.81480900767149,0.0
E262,0.08449449199347288,A,0.7033598360989164,0.090111861250496,0.2136631234496349,132,109,个体经营E262 ,False,未知,0.0,1.0,0.08449449199347288,A,0.0,0.1225,0.81480900767149,0.006750717155616812,,0.0,0.0,0.0,0.0,0.0,0.0,0.0,False,0.08449449199347288,A,0.0,0.1225,0.81480900767149,0.0
E283,0.08553334989410247,A,0.6952809402681484,0.09599927539131266,0.2190426372340106,133,120,***机械铸造有限责任公司,False,其他,0.3,1.0,0.08553334989410248,A,0.0,0.1225,0.81480900767149,0.006611717457438795,,0.0,0.0,0.0,0.0,0.0,0.0,0.0,False,0.08553334989410248,A,0.0,0.1225,0.81480900767149,0.0
E222,0.07822742032722269,A,0.7155304113618917,0.08573404320633729,0.21564806099955366,134,89,***数码科技有限公司,False,正面/轻影响,0.9,0.9,0.08617036862511536,A,0.0,0.1225,0.81480900767149,0.007589254427693045,,0.0,0.0,0.0,0.0,0.0,0.0,0.0,False,0.08617036862511536,A,0.0,0.1225,0.81480900767149,0.0
E321,0.09809932993376418,A,0.6918613554756503,0.09646370128275941,0.21658921498375802,135,126,***生物流有限公司,False,中度负面,0.9,1.15,0.08640942252276627,A,0.0,0.1425,0.880180313431412,0.005351296680109386,,0.0,0.0,0.0,0.0,0.0,0.0,0.0,False,0.08640942252276627,A,0.0,0.1225,0.81480900767149,0.0
E226,0.09837710286174746,A,0.5576019473632704,0.14313538369095047,0.18040895118541606,136,257,***建设工程有限公司,False,中度负面,0.9,1.15,0.08665727531729453,A,0.0,0.1425,0.880180313431412,0.0053265843012219975,,0.0,0.0,0.0,0.0,0.0,0.0,0.0,False,0.08665727531729453,A,0.0,0.1225,0.81480900767149,0.0
E318,0.09848951554902143,A,0.6716053901945357,0.10755251648771544,0.21995747690537895,137,157,***商贸有限公司,False,中度负面,0.9,1.15,0.08675758471507838,A,0.0,0.1425,0.880180313431412,0.00531658338090254,,0.0,0.0,0.0,0.0,0.0,0.0,0.0,False,0.08675758471507838,A,0.0,0.1225,0.81480900767149,0.0
E236,0.08760953142571443,A,0.6655636852232807,0.10734710353648258,0.21363210474163474,138,162,个体经营E236 ,False,未知,0.0,1.0,0.08760953142571443,A,0.0,0.1225,0.81480900767149,0.006333923347116354,,0.0,0.0,0.0,0.0,0.0,0.0,0.0,False,0.08760953142571443,A,0.0,0.1225,0.81480900767149,0.0
E184,0.09998322214306471,A,0.7198826990655484,0.08451458372574307,0.21719681876103078,139,81,***建筑装饰工程有限公司,False,中度负面,0.9,1.15,0.08809074929248138,A,0.0,0.1425,0.880180313431412,0.005183694104879194,,0.0,0.0,0.0,0.0,0.0,0.0,0.0,False,0.08809074929248138,A,0.0,0.1225,0.81480900767149,0.0
E253,0.08818313451599233,A,0.7256158707570259,0.08224850445323213,0.21750828060629662,140,72,***钢结构工程有限公司,False,其他,0.3,1.0,0.08818313451599233,A,0.0,0.1225,0.81480900767149,0.0062571749714489125,,0.0,0.0,0.0,0.0,0.0,0.0,0.0,False,0.08818313451599233,A,0.0,0.1225,0.81480900767149,0.0
E257,0.08834009078566553,A,0.6883357645184629,0.09711879450970375,0.21449474163970483,141,133,***门窗安装有限公司,False,其他,0.3,1.0,0.08834009078566551,A,0.0,0.1225,0.81480900767149,0.00623617414535085,,0.0,0.0,0.0,0.0,0.0,0.0,0.0,False,0.08834009078566551,A,0.0,0.1225,0.81480900767149,0.0
E306,0.09012594697542184,A,0.7143784306049258,0.0864698961505819,0.21627298259530164,142,92,个体经营E306 ,False,未知,0.0,1.0,0.09012594697542184,A,0.0,0.1425,0.880180313431412,0.006060657603477109,,0.0,0.0,0.0,0.0,0.0,0.0,0.0,False,0.09012594697542184,A,0.0,0.1425,0.880180313431412,0.0
E302,0.09103888375758722,A,0.7005950718901413,0.09240237251143567,0.21621770630547366,143,112,***机电设备有限公司,False,其他,0.3,1.0,0.09103888375758722,A,0.0,0.1425,0.880180313431412,0.005979437162648338,,0.0,0.0,0.0,0.0,0.0,0.0,0.0,False,0.09103888375758722,A,0.0,0.1425,0.880180313431412,0.0
E270,0.09123439248227305,A,0.7107382203111313,0.08993011074320308,0.22096513037690732,144,98,个体经营E270 ,False,未知,0.0,1.0,0.09123439248227305,A,0.0,0.1425,0.880180313431412,0.005962043510519224,,0.0,0.0,0.0,0.0,0.0,0.0,0.0,False,0.09123439248227305,A,0.0,0.1425,0.880180313431412,0.0
E177,0.09138638763806457,A,0.7149472440280257,0.08678538486394603,0.21766838043302433,145,90,***电力工程有限公司,False,其他,0.3,1.0,0.09138638763806459,A,0.0,0.1425,0.880180313431412,0.005948521091663513,,0.0,0.0,0.0,0.0,0.0,0.0,0.0,False,0.09138638763806459,A,0.0,0.1425,0.880180313431412,0.0
E136,0.09170187932586274,A,0.6716802344202775,0.10479649122488713,0.2143938293451988,146,156,***机械有限责任公司,False,其他,0.3,1.0,0.09170187932586274,A,0.0,0.1425,0.880180313431412,0.005920453021166888,,0.0,0.0,0.0,0.0,0.0,0.0,0.0,False,0.09170187932586274,A,0.0,0.1425,0.880180313431412,0.0
E356,0.10611866666946063,B,0.6097420678639773,0.13648122610496474,0.21323934295036148,147,216,***建材装饰部,False,中度负面,0.9,1.15,0.09357228838394595,A,0.0,0.1425,0.8439092945622555,0.006041785765077363,,0.0,0.0,0.0,0.0,0.0,0.0,0.0,False,0.09357228838394595,A,0.0,0.1425,0.880180313431412,0.0
E343,0.09522381648603762,A,0.6383869439433519,0.12175797362912584,0.21494992889210393,148,190,***五金工具经营部,False,其他,0.3,1.0,0.0952238164860376,A,0.0,0.1425,0.880180313431412,0.0056071199467319244,,0.0,0.0,0.0,0.0,0.0,0.0,0.0,False,0.0952238164860376,A,0.0,0.1425,0.880180313431412,0.0
E198,0.10862622418481453,B,0.5772985890763472,0.13708955459354055,0.18722815774620213,149,242,***商贸有限公司,False,中度负面,0.9,1.15,0.09581515650913408,A,0.0,0.1425,0.8439092945622555,0.005751166497115612,,0.0,0.0,0.0,0.0,0.0,0.0,0.0,False,0.09581515650913408,A,0.0,0.1425,0.880180313431412,0.0
E359,0.09635976003299716,A,0.6312960867564903,0.12475219673370846,0.21360113300520356,150,194,***厨房用品经营部,False,其他,0.3,1.0,0.09635976003299715,A,0.0,0.1425,0.880180313431412,0.005506059459912868,,0.0,0.0,0.0,0.0,0.0,0.0,0.0,False,0.09635976003299715,A,0.0,0.1425,0.880180313431412,0.0
E252,0.09665008872534764,A,0.6887808196973327,0.0974517369432302,0.21567721882503674,151,132,***印务有限公司,False,其他,0.3,1.0,0.09665008872534764,A,0.0,0.1425,0.880180313431412,0.0054802300434202865,,0.0,0.0,0.0,0.0,0.0,0.0,0.0,False,0.09665008872534764,A,0.0,0.1425,0.880180313431412,0.0
E265,0.09731178251939725,A,0.7051209823363566,0.08902711265805391,0.21288352636748553,152,105,***净化工程有限公司,False,其他,0.3,1.0,0.09731178251939726,A,0.0,0.1425,0.880180313431412,0.005421361715737292,,0.0,0.0,0.0,0.0,0.0,0.0,0.0,False,0.09731178251939726,A,0.0,0.1425,0.880180313431412,0.0
E166,0.11111187134123206,B,0.6718540957220263,0.10470165756270303,0.214368780915206,153,155,***建筑工程有限公司,False,中度负面,0.9,1.15,0.0980398963422039,A,0.0,0.1425,0.8439092945622555,0.005463086581665573,,0.0,0.0,0.0,0.0,0.0,0.0,0.0,False,0.0980398963422039,A,0.0,0.1425,0.880180313431412,0.0
E279,0.098114548913621,A,0.6621713443769497,0.1090451552568259,0.21373727732195055,154,165,***环保包装有限公司,False,其他,0.3,1.0,0.098114548913621,A,0.0,0.1425,0.880180313431412,0.0053499427065626035,,0.0,0.0,0.0,0.0,0.0,0.0,0.0,False,0.098114548913621,A,0.0,0.1425,0.880180313431412,0.0
E391,0.09827321937343407,A,0.6242313258748582,0.12780467877858068,0.2123106303970268,155,202,***五金店,False,其他,0.3,1.0,0.09827321937343407,A,0.0,0.1425,0.880180313431412,0.005335826411826451,,0.0,0.0,0.0,0.0,0.0,0.0,0.0,False,0.09827321937343407,A,0.0,0.1425,0.880180313431412,0.0
E364,0.0897905334421455,A,0.6455972896524241,0.11445618709602144,0.2084989815700704,156,184,***电子有限公司,False,正面/轻影响,0.9,0.9,0.09878174102230207,A,0.0,0.1425,0.880180313431412,0.006090498043214924,,0.0,0.0,0.0,0.0,0.0,0.0,0.0,False,0.09878174102230207,A,0.0,0.1425,0.880180313431412,0.0
E292,0.1124180310718159,B,0.697788737960824,0.09375108972744836,0.2164659719891176,157,116,***物流有限公司,False,中度负面,0.9,1.15,0.09920954109816084,A,0.0,0.1425,0.8439092945622555,0.005311706131797872,,0.0,0.0,0.0,0.0,0.0,0.0,0.0,False,0.09920954109816084,A,0.0,0.1425,0.880180313431412,0.0
E199,0.11356925319880773,B,0.6763229408362659,0.10507039797650888,0.21954450753447569,158,152,***建筑劳务有限公司,False,中度负面,0.9,1.15,0.10024077715569901,B,0.0,0.1425,0.8439092945622555,0.0051782825394139885,,0.0,0.0,0.0,0.0,0.0,0.0,0.0,False,0.10024077715569901,B,0.0,0.1425,0.8439092945622555,0.0
E372,0.11484384667426761,B,0.666958267486683,0.10762784244363122,0.21553839150372428,159,161,***汽车维修有限责任公司,False,中度负面,0.9,1.15,0.10138289294449947,B,0.0,0.1425,0.8439092945622555,0.005030560534826306,,0.0,0.0,0.0,0.0,0.0,0.0,0.0,False,0.10138289294449947,B,0.0,0.1425,0.8439092945622555,0.0
E328,0.09267976205951692,A,0.7115928459058473,0.08801817644001897,0.21716903958612982,160,97,***科技有限公司,False,正面/轻影响,0.9,0.9,0.10192788538120108,B,0.0,0.1425,0.880180313431412,0.005833454591201285,,0.0,0.0,0.0,0.0,0.0,0.0,0.0,False,0.10192788538120108,B,0.0,0.1425,0.8439092945622555,0.0
E281,0.1034118615928119,B,0.5584096913876592,0.14825534900408147,0.18747518246967537,161,256,***商业管理有限责任公司,False,其他,0.3,1.0,0.10341186159281189,B,0.0,0.1425,0.8439092945622555,0.006355497297145564,,0.0,0.0,0.0,0.0,0.0,0.0,0.0,False,0.10341186159281189,B,0.0,0.1425,0.8439092945622555,0.0
E370,0.10399861281943683,B,0.6177248610515309,0.12888950757816364,0.20827473473354474,162,208,***设计服务部,False,其他,0.3,1.0,0.10399861281943683,B,0.0,0.1425,0.8439092945622555,0.006287494385581909,,0.0,0.0,0.0,0.0,0.0,0.0,0.0,False,0.10399861281943683,B,0.0,0.1425,0.8439092945622555,0.0
E244,0.10521089084517785,B,0.6909231420617113,0.09775772138223134,0.21853163795165317,163,128,个体经营E244 ,False,未知,0.0,1.0,0.10521089084517785,B,0.0,0.1425,0.8439092945622555,0.006146994576405151,,0.0,0.0,0.0,0.0,0.0,0.0,0.0,False,0.10521089084517785,B,0.0,0.1425,0.8439092945622555,0.0
E203,0.12011917332125079,B,0.7104630432956722,0.08902963725616066,0.2184600810497371,164,99,***建设工程有限公司,False,中度负面,0.9,1.15,0.1061140196247997,B,0.0,0.1425,0.8439092945622555,0.004419164162452772,,0.0,0.0,0.0,0.0,0.0,0.0,0.0,False,0.1061140196247997,B,0.0,0.1425,0.8439092945622555,0.0
E322,0.12091452610965142,B,0.6818790815618381,0.0978045152681844,0.20963994876883296,165,145,***装饰工程设计有限公司,False,中度负面,0.9,1.15,0.10682789809625323,B,0.0,0.1425,0.8439092945622555,0.004326984882926373,,0.0,0.0,0.0,0.0,0.0,0.0,0.0,False,0.10682789809625323,B,0.0,0.1425,0.8439092945622555,0.0
E247,0.10702422817022104,B,0.7002557475849602,0.09383791634397931,0.21922201921083828,166,113,***石化有限公司,False,其他,0.3,1.0,0.10702422817022104,B,0.0,0.1425,0.8439092945622555,0.005936833587975178,,0.0,0.0,0.0,0.0,0.0,0.0,0.0,False,0.10702422817022104,B,0.0,0.1425,0.8439092945622555,0.0
E305,0.10704995892336194,B,0.6473580933102445,0.11562299969841904,0.21225351612402096,167,181,***劳务有限公司,False,其他,0.3,1.0,0.10704995892336196,B,0.0,0.1425,0.8439092945622555,0.005933851461903843,,0.0,0.0,0.0,0.0,0.0,0.0,0.0,False,0.10704995892336196,B,0.0,0.1425,0.8439092945622555,0.0
E274,0.1218910922968437,B,0.672780634906239,0.10373722955828629,0.2132893300665133,168,154,***建筑劳务有限公司,False,中度负面,0.9,1.15,0.10770463269171941,B,0.0,0.1425,0.8439092945622555,0.004213803450915244,,0.0,0.0,0.0,0.0,0.0,0.0,0.0,False,0.10770463269171941,B,0.0,0.1425,0.8439092945622555,0.0
E287,0.10928613821567525,B,0.6698556344255819,0.10332896470693281,0.20965218984692663,169,160,***鞋材有限公司,False,其他,0.3,1.0,0.10928613821567526,B,0.0,0.1425,0.8439092945622555,0.005674684210511168,,0.0,0.0,0.0,0.0,0.0,0.0,0.0,False,0.10928613821567526,B,0.0,0.1425,0.8439092945622555,0.0
E285,0.10935219783708389,B,0.7046257112561259,0.08963051658414406,0.21381673661217182,170,107,个体经营E285 ,False,未知,0.0,1.0,0.10935219783708387,B,0.0,0.1425,0.8439092945622555,0.005667028075527996,,0.0,0.0,0.0,0.0,0.0,0.0,0.0,False,0.10935219783708387,B,0.0,0.1425,0.8439092945622555,0.0
E327,0.10997650118021153,B,0.6595577247646097,0.11128637797276177,0.21560127984181368,171,170,个体经营E327 ,False,未知,0.0,1.0,0.10997650118021153,B,0.0,0.1425,0.8439092945622555,0.005594672973220315,,0.0,0.0,0.0,0.0,0.0,0.0,0.0,False,0.10997650118021153,B,0.0,0.1425,0.8439092945622555,0.0
E304,0.10191799490331266,B,0.5460193490100778,0.15246922836495316,0.1833803899667712,172,263,***环保科技有限公司,False,正面/轻影响,0.9,0.9,0.11197419594461562,B,0.0,0.1425,0.8439092945622555,0.006528632485900525,,0.0,0.0,0.0,0.0,0.0,0.0,0.0,False,0.11197419594461562,B,0.0,0.1425,0.8439092945622555,0.0
E263,0.10271239585632157,B,0.6849893783498548,0.09789855824021844,0.21288003623189372,173,139,***通信工程有限公司,False,正面/轻影响,0.9,0.9,0.11283713182356243,B,0.0,0.1425,0.8439092945622555,0.006436563521572511,,0.0,0.0,0.0,0.0,0.0,0.0,0.0,False,0.11283713182356243,B,0.0,0.1425,0.8439092945622555,0.0
E158,0.1287884923474301,B,0.687761376682015,0.0972506065905097,0.2142118433686976,174,135,***装饰工程有限公司,False,中度负面,0.9,1.15,0.11390339948819996,B,0.0,0.1425,0.8439092945622555,0.0034144130715253423,,0.0,0.0,0.0,0.0,0.0,0.0,0.0,False,0.11390339948819996,B,0.0,0.1425,0.8439092945622555,0.0
E248,0.10530291294471801,B,0.7079663653383911,0.08801053795395591,0.21336069983492845,175,102,***智能科技有限公司,False,正面/轻影响,0.9,0.9,0.11565009308478055,B,0.0,0.1425,0.8439092945622555,0.006136329459038583,,0.0,0.0,0.0,0.0,0.0,0.0,0.0,False,0.11565009308478055,B,0.0,0.1425,0.8439092945622555,0.0
E326,0.11711995003879619,B,0.6617430433103312,0.10789636210359763,0.2110811488381398,176,166,***包装材料有限公司,False,其他,0.3,1.0,0.11711995003879619,B,0.0,0.1425,0.8439092945622555,0.004766766189311078,,0.0,0.0,0.0,0.0,0.0,0.0,0.0,False,0.11711995003879619,B,0.0,0.1425,0.8439092945622555,0.0
E333,0.13264004375475633,B,0.6767617332143957,0.10409342498783561,0.21793968706593647,177,151,***房地产营销策划有限公司,False,中度负面,0.9,1.15,0.11736976820281954,B,0.0,0.1425,0.8439092945622555,0.0029680284746973675,,0.0,0.0,0.0,0.0,0.0,0.0,0.0,False,0.11736976820281954,B,0.0,0.1425,0.8439092945622555,0.0
E316,0.11781991245238285,B,0.7062402774066275,0.09086176327249391,0.21844464017297235,178,104,个体经营E316 ,False,未知,0.0,1.0,0.11781991245238287,B,0.0,0.1425,0.8439092945622555,0.004685642401325465,,0.0,0.0,0.0,0.0,0.0,0.0,0.0,False,0.11781991245238287,B,0.0,0.1425,0.8439092945622555,0.0
E341,0.1338200460254377,B,0.6457207556144445,0.11525918374060154,0.21007509865717602,179,182,***纺织品有限公司,False,中度负面,0.9,1.15,0.11843247116236151,B,0.0,0.1465,0.868159535589987,0.0028481938038480803,,0.0,0.0,0.0,0.0,0.0,0.0,0.0,False,0.11843247116236151,B,0.0,0.1425,0.8439092945622555,0.0
E278,0.12031321160134616,B,0.6822988233838198,0.0970177215475953,0.20835641203581262,180,144,***贸易有限公司,False,其他,0.3,1.0,0.12031321160134617,B,0.0,0.1425,0.8439092945622555,0.004396675640226427,,0.0,0.0,0.0,0.0,0.0,0.0,0.0,False,0.12031321160134617,B,0.0,0.1425,0.8439092945622555,0.0
E271,0.10974040809125436,B,0.6796818103231429,0.09798012436881529,0.20790361101211785,181,146,***科技有限公司,False,正面/轻影响,0.9,0.9,0.12046491247300871,B,0.0,0.1425,0.8439092945622555,0.0056220355362975065,,0.0,0.0,0.0,0.0,0.0,0.0,0.0,False,0.12046491247300871,B,0.0,0.1425,0.8439092945622555,0.0
E346,0.12050555678971042,B,0.6585307055797446,0.10599837235450234,0.20442008718653998,182,174,个体经营E346 ,False,未知,0.0,1.0,0.12050555678971042,B,0.0,0.1425,0.8439092945622555,0.004374383342842972,,0.0,0.0,0.0,0.0,0.0,0.0,0.0,False,0.12050555678971042,B,0.0,0.1425,0.8439092945622555,0.0
E245,0.1362053643948729,B,0.7018886840471525,0.09255665122056068,0.2179201615254555,183,110,***建筑劳务有限公司,False,中度负面,0.9,1.15,0.1205816916366796,B,0.0,0.1465,0.868159535589987,0.0026134333778396034,,0.0,0.0,0.0,0.0,0.0,0.0,0.0,False,0.1205816916366796,B,0.0,0.1425,0.8439092945622555,0.0
E393,0.13740164417834938,B,0.6344441430914103,0.12054004781304238,0.20920449200207114,184,193,***商贸有限责任公司,False,中度负面,0.9,1.15,0.12166007684057682,B,0.0,0.15,0.885864918999995,0.0025051242841282943,,0.0,0.0,0.0,0.0,0.0,0.0,0.0,False,0.12166007684057682,B,0.0,0.1425,0.8439092945622555,0.0
E339,0.12244028800479466,B,0.6429206929953006,0.11574992517559075,0.20840754602188588,185,185,***居益卫浴家俬厂,False,其他,0.3,1.0,0.12244028800479467,B,0.0,0.1425,0.8439092945622555,0.00415015312439824,,0.0,0.0,0.0,0.0,0.0,0.0,0.0,False,0.12244028800479467,B,0.0,0.1425,0.8439092945622555,0.0
E309,0.12368341860946253,B,0.6771137877972409,0.10026405403115318,0.21026036677685436,186,150,个体经营E309 ,False,未知,0.0,1.0,0.12368341860946255,B,0.0,0.1425,0.8439092945622555,0.0040060775831206015,,0.0,0.0,0.0,0.0,0.0,0.0,0.0,False,0.12368341860946255,B,0.0,0.1425,0.8439092945622555,0.0
E357,0.12425426662905244,B,0.6214732895968399,0.12410258750251685,0.20375429575504259,187,203,***家居经营部,False,其他,0.3,1.0,0.12425426662905244,B,0.0,0.1425,0.8439092945622555,0.003939917811089523,,0.0,0.0,0.0,0.0,0.0,0.0,0.0,False,0.12425426662905244,B,0.0,0.1425,0.8439092945622555,0.0
E329,0.12467903838114666,B,0.6354525565934566,0.11938167508542664,0.20809744250172413,188,192,***园艺有限责任公司,False,其他,0.3,1.0,0.12467903838114668,B,0.0,0.1425,0.8439092945622555,0.00389068789118197,,0.0,0.0,0.0,0.0,0.0,0.0,0.0,False,0.12467903838114668,B,0.0,0.1425,0.8439092945622555,0.0
E334,0.11381575641020891,B,0.6548290868384412,0.11045135813643767,0.20953898266247087,189,177,***机械科技有限公司,False,正面/轻影响,0.9,0.9,0.12488266106340422,B,0.0,0.1425,0.8439092945622555,0.005149713470744977,,0.0,0.0,0.0,0.0,0.0,0.0,0.0,False,0.12488266106340422,B,0.0,0.1425,0.8439092945622555,0.0
E314,0.1419633447194196,B,0.6600362802648027,0.1072553494668278,0.20823522567563313,190,169,***房地产营销策划有限公司,False,中度负面,0.9,1.15,0.12577536384312202,B,0.0,0.15,0.885864918999995,0.002114636738563683,,0.0,0.0,0.0,0.0,0.0,0.0,0.0,False,0.12577536384312202,B,0.0,0.1425,0.8439092945622555,0.0
E382,0.1422093824559432,B,0.6139804499644292,0.12822017819647497,0.20393962610530142,191,211,***教育信息咨询有限公司***分公司,False,中度负面,0.9,1.15,0.12599746584988886,B,0.0,0.15,0.885864918999995,0.0020935755858233003,,0.0,0.0,0.0,0.0,0.0,0.0,0.0,False,0.12599746584988886,B,0.0,0.1425,0.8439092945622555,0.0
E387,0.12615631214415612,B,0.6081334004422163,0.1363165973024028,0.21154820530193835,192,217,***农副产品经营部,False,其他,0.3,1.0,0.12615631214415612,B,0.0,0.1425,0.8439092945622555,0.003719475778615802,,0.0,0.0,0.0,0.0,0.0,0.0,0.0,False,0.12615631214415612,B,0.0,0.1425,0.8439092945622555,0.0
E239,0.1291797537265735,B,0.6704877599367474,0.09769481853015566,0.1987883060766945,193,158,个体经营E239 ,False,未知,0.0,1.0,0.1291797537265735,B,0.0,0.1425,0.8439092945622555,0.003369066914999668,,0.0,0.0,0.0,0.0,0.0,0.0,0.0,False,0.1291797537265735,B,0.0,0.1425,0.8439092945622555,0.0
E388,0.1505350190338603,B,0.6624529756020658,0.11017728451453906,0.21622845024510465,194,164,***商贸有限公司,False,中度负面,0.9,1.15,0.1335217157718546,B,0.0,0.15,0.885864918999995,0.0013808901819254184,,0.0,0.0,0.0,0.0,0.0,0.0,0.0,False,0.1335217157718546,B,0.0,0.1465,0.868159535589987,0.0
E215,0.151487092128902,B,0.6734555796437245,0.10439535612644613,0.21530190286375742,195,153,***建筑工程有限公司,False,中度负面,0.9,1.15,0.13438320901175937,B,0.0,0.15,0.885864918999995,0.0012993914770600364,,0.0,0.0,0.0,0.0,0.0,0.0,0.0,False,0.13438320901175937,B,0.0,0.1465,0.868159535589987,0.0
E133,0.13447811395401157,B,0.6936280355516196,0.0972316218032055,0.22013299730699942,196,123,个体经营E133 ,False,未知,0.0,1.0,0.13447811395401157,B,0.0,0.1465,0.868159535589987,0.0027834274777953027,,0.0,0.0,0.0,0.0,0.0,0.0,0.0,False,0.13447811395401157,B,0.0,0.1465,0.868159535589987,0.0
E374,0.15183863938477268,B,0.5946633647158391,0.1386076155156957,0.20334917656781523,197,228,***建材经营部,False,中度负面,0.9,1.15,0.1347013653836889,B,0.0,0.15,0.885864918999995,0.001269298571166939,,0.0,0.0,0.0,0.0,0.0,0.0,0.0,False,0.1347013653836889,B,0.0,0.1465,0.868159535589987,0.0
E295,0.15184238487999596,B,0.684786249815107,0.09616152085745568,0.20890613815504233,198,140,***电器设备制造有限公司,False,中度负面,0.9,1.15,0.13470475528217765,B,0.0,0.15,0.885864918999995,0.0012689779518664224,,0.0,0.0,0.0,0.0,0.0,0.0,0.0,False,0.13470475528217765,B,0.0,0.1465,0.868159535589987,0.0
E312,0.13473230630030586,B,0.5079199792568608,0.1761778358442641,0.1818489655247497,199,278,***家居用品有限公司,False,其他,0.3,1.0,0.1347323063003059,B,0.0,0.1465,0.868159535589987,0.002758410144986069,,0.0,0.0,0.0,0.0,0.0,0.0,0.0,False,0.1347323063003059,B,0.0,0.1465,0.868159535589987,0.0
E358,0.13475811910825883,B,0.606249039249057,0.1314812940450867,0.20243863797065212,200,218,***五金经营部,False,其他,0.3,1.0,0.13475811910825883,B,0.0,0.1465,0.868159535589987,0.002755869676648945,,0.0,0.0,0.0,0.0,0.0,0.0,0.0,False,0.13475811910825883,B,0.0,0.1465,0.868159535589987,0.0
E210,0.15225797366435068,B,0.6825610906572536,0.10081447591144298,0.21677253987114706,201,143,***建筑工程有限公司,False,中度负面,0.9,1.15,0.13508090912164403,B,0.0,0.15,0.885864918999995,0.001233403007192655,,0.0,0.0,0.0,0.0,0.0,0.0,0.0,False,0.13508090912164403,B,0.0,0.1465,0.868159535589987,0.0
E269,0.13565209870290654,B,0.6561048885566577,0.11351954606686648,0.21657978448313794,202,176,***节能服务有限公司,False,其他,0.3,1.0,0.13565209870290654,B,0.0,0.1465,0.868159535589987,0.002667885182347634,,0.0,0.0,0.0,0.0,0.0,0.0,0.0,False,0.13565209870290654,B,0.0,0.1465,0.868159535589987,0.0
E288,0.13668035723550548,B,0.6791583565482102,0.09963207594043276,0.2109014161229304,203,148,个体经营E288 ,False,未知,0.0,1.0,0.13668035723550548,B,0.0,0.15,0.885864918999995,0.0025668673918625953,,0.0,0.0,0.0,0.0,0.0,0.0,0.0,False,0.13668035723550548,B,0.0,0.15,0.885864918999995,0.0
E317,0.12733296549918607,B,0.7035232718310852,0.09113379360536582,0.21625557273114887,204,108,***科技有限公司,False,正面/轻影响,0.9,0.9,0.13950730841144682,B,0.0,0.1425,0.8439092945622555,0.0035831047743258857,,0.0,0.0,0.0,0.0,0.0,0.0,0.0,False,0.13950730841144682,B,0.0,0.15,0.885864918999995,0.0
E219,0.13956056692825716,B,0.5849851732463058,0.1315653636953793,0.1854482830808156,205,234,***品牌营销策划有限公司,False,其他,0.3,1.0,0.13956056692825716,B,0.0,0.15,0.885864918999995,0.0023203176669281877,,0.0,0.0,0.0,0.0,0.0,0.0,0.0,False,0.13956056692825716,B,0.0,0.15,0.885864918999995,0.0
E415,0.14299532005156348,B,0.5988543912307119,0.1380525735605747,0.20609321924548152,206,227,***广告设计服务部,False,其他,0.3,1.0,0.1429953200515635,B,0.0,0.15,0.885864918999995,0.002026298297470497,,0.0,0.0,0.0,0.0,0.0,0.0,0.0,False,0.1429953200515635,B,0.0,0.15,0.885864918999995,0.0
E286,0.14381531326783847,B,0.6975666310417845,0.09094553449257309,0.20976709786625317,207,117,***印务有限公司,False,其他,0.3,1.0,0.14381531326783845,B,0.0,0.15,0.885864918999995,0.0019561058033512476,,0.0,0.0,0.0,0.0,0.0,0.0,0.0,False,0.14381531326783845,B,0.0,0.15,0.885864918999995,0.0
E231,0.16632857377434979,B,0.5524122032676893,0.14838407002708986,0.1831354019299038,208,261,***建筑科技有限公司,False,中度负面,0.9,1.15,0.1478409566025393,B,0.0,0.15,0.885864918999995,2.894119473758248e-05,,0.0,0.0,0.0,0.0,0.0,0.0,0.0,False,0.1478409566025393,B,0.0,0.15,0.885864918999995,0.0
E332,0.1670989310007486,B,0.6367359699690363,0.12022712178164545,0.21073634237250594,209,191,***商贸有限公司,False,中度负面,0.9,1.15,0.14854094430542644,B,0.0,0.15,0.885864918999995,-3.700239358789117e-05,,0.0,0.0,0.0,0.0,0.0,0.0,0.0,False,0.14854094430542644,B,0.0,0.15,0.885864918999995,0.0
E342,0.15021309980611597,B,0.6615128612715314,0.10755842831215305,0.21020380252532486,210,167,***裕华机械厂,False,其他,0.3,1.0,0.15021309980611597,B,0.0,0.15,0.885864918999995,0.001408446889775965,,0.0,0.0,0.0,0.0,0.0,0.0,0.0,False,0.15021309980611597,B,0.0,0.15,0.885864918999995,0.0
E344,0.15117355453838363,B,0.6285771860745221,0.1156170710096509,0.19566448379771817,211,196,***机械有限公司,False,其他,0.3,1.0,0.15117355453838363,B,0.0,0.15,0.885864918999995,0.0013262307057778067,,0.0,0.0,0.0,0.0,0.0,0.0,0.0,False,0.15117355453838363,B,0.0,0.15,0.885864918999995,0.0
E300,0.1730899421709993,B,0.6965213787098747,0.09265907595697458,0.21266416415486383,212,118,***建设工程有限公司,False,中度负面,0.9,1.15,0.15398960873178008,B,0.0,0.15,0.885864918999995,-0.0005498408024792645,,0.0,0.0,0.0,0.0,0.0,0.0,0.0,False,0.15398960873178008,B,0.0,0.15,0.885864918999995,0.0
E340,0.17457933184801824,B,0.6031897312101097,0.12994500537995976,0.19752889235015467,213,219,***物流有限公司,False,中度负面,0.9,1.15,0.155345521255632,B,0.0,0.15,0.885864918999995,-0.0006773345110496112,,0.0,0.0,0.0,0.0,0.0,0.0,0.0,False,0.155345521255632,B,0.0,0.15,0.885864918999995,0.0
E237,0.15705055328354184,B,0.6592255995115751,0.1066967770735705,0.20640413931171026,214,172,个体经营E237 ,False,未知,0.0,1.0,0.1570505532835418,B,0.0,0.15,0.885864918999995,0.0008231519099161377,,0.0,0.0,0.0,0.0,0.0,0.0,0.0,False,0.1570505532835418,B,0.0,0.15,0.885864918999995,0.0
E251,0.1439704252875904,B,0.6890770280634728,0.09176335959131472,0.20336877239553497,215,131,***医疗器械有限责任公司,False,正面/轻影响,0.9,0.9,0.15744848090217037,B,0.0,0.15,0.885864918999995,0.0019428280111474,,0.0,0.0,0.0,0.0,0.0,0.0,0.0,False,0.15744848090217037,B,0.0,0.15,0.885864918999995,0.0
E268,0.18124022780725965,B,0.6169967082680696,0.12379637220081677,0.199428975657195,216,209,***建筑劳务有限公司,False,中度负面,0.9,1.15,0.16141607899707597,B,0.0,0.15,0.885864918999995,-0.0012475159359300794,,0.0,0.0,0.0,0.0,0.0,0.0,0.0,False,0.16141607899707597,B,0.0,0.15,0.885864918999995,0.0
E392,0.15029871213167195,B,0.6527059367373637,0.11253549904540353,0.2114996946120823,217,179,***科技有限公司,False,正面/轻影响,0.9,0.9,0.16425552526760961,B,0.0,0.15,0.885864918999995,0.0014011183624920152,,0.0,0.0,0.0,0.0,0.0,0.0,0.0,False,0.16425552526760961,B,0.0,0.15,0.885864918999995,0.0
E338,0.18632085491172654,B,0.6588653740597915,0.10988943063628381,0.21223978838806817,218,173,***商贸有限公司,False,中度负面,0.9,1.15,0.1660536910998008,B,0.0,0.15,0.885864918999995,-0.0016824242755044427,,0.0,0.0,0.0,0.0,0.0,0.0,0.0,False,0.1660536910998008,B,0.0,0.15,0.885864918999995,0.0
E354,0.16663432229225442,B,0.639869483041777,0.1160774438129625,0.20624304375190589,219,189,***广告有限公司,False,其他,0.3,1.0,0.16663432229225444,B,0.0,0.15,0.885864918999995,2.768720845079081e-06,,0.0,0.0,0.0,0.0,0.0,0.0,0.0,False,0.16663432229225444,B,0.0,0.15,0.885864918999995,0.0
E410,0.15436832237790465,B,0.6002891066947231,0.13248250507209525,0.1989633156223948,220,223,***网络科技有限公司,False,正面/轻影响,0.9,0.9,0.16862804394766423,B,0.0,0.15,0.885864918999995,0.0010527543911728503,,0.0,0.0,0.0,0.0,0.0,0.0,0.0,False,0.16862804394766423,B,0.0,0.15,0.885864918999995,0.0
E249,0.19679975255014043,B,0.6247172503498879,0.12428677309441133,0.20689491114310765,221,200,***建筑工程有限公司,False,中度负面,0.9,1.15,0.17563878519105341,B,0.0,0.15,0.885864918999995,-0.0025794316485677885,,0.0,0.0,0.0,0.0,0.0,0.0,0.0,False,0.17563878519105341,B,0.0,0.15,0.885864918999995,0.0
E192,0.1981022547348498,B,0.6253115337944051,0.11806211843871957,0.19703196394474468,222,198,***建设工程有限公司,False,中度负面,0.9,1.15,0.17683206910854304,B,0.0,0.15,0.885864918999995,-0.002690927542833655,,0.0,0.0,0.0,0.0,0.0,0.0,0.0,False,0.17683206910854304,B,0.0,0.15,0.885864918999995,0.0
E296,0.2147416802267752,C,0.6497098965366014,0.10656188059710124,0.1976484854494969,223,180,***装饰设计工程有限公司,False,中度负面,0.9,1.15,0.1921129378136397,B,0.0,0.15,0.895164738662031,-0.003779967457800289,,0.0,0.0,0.0,0.0,0.0,0.0,0.0,False,0.1921129378136397,B,0.0,0.15,0.885864918999995,0.0
E367,0.17710876306624057,B,0.5649302413918019,0.14523090496750496,0.18857971297133605,224,253,***电子商务有限公司,False,正面/轻影响,0.9,0.9,0.192989717828151,B,0.0,0.15,0.885864918999995,-0.0008938571387814221,,0.0,0.0,0.0,0.0,0.0,0.0,0.0,False,0.192989717828151,B,0.0,0.15,0.885864918999995,0.0
E335,0.19723509387167162,B,0.6536578775031683,0.10647176064438066,0.20094611817673974,225,178,***挖掘机租赁经营部,False,其他,0.3,1.0,0.19723509387167162,B,0.0,0.15,0.885864918999995,-0.0026166974363144983,,0.0,0.0,0.0,0.0,0.0,0.0,0.0,False,0.19723509387167162,B,0.0,0.15,0.885864918999995,0.0
E353,0.20355071684101755,C,0.641516700342869,0.11627075764796786,0.2080700352402204,226,186,***税务师事务所有限公司,False,其他,0.3,1.0,0.20355071684101755,C,0.0,0.15,0.895164738662031,-0.0029000617794231296,,0.0,0.0,0.0,0.0,0.0,0.0,0.0,False,0.20355071684101755,C,0.0,0.15,0.895164738662031,0.0
E233,0.20800807094749704,C,0.6900744749997154,0.10281440559767338,0.22892466493412283,227,130,***劳务有限公司,False,其他,0.3,1.0,0.20800807094749707,C,0.0,0.15,0.895164738662031,-0.003250527691394614,,0.0,0.0,0.0,0.0,0.0,0.0,0.0,False,0.20800807094749707,C,0.0,0.15,0.895164738662031,0.0
E276,0.20876653863634012,C,0.65669199026145,0.10660265939208655,0.20391342636213453,228,175,***体育设施工程有限公司,False,其他,0.3,1.0,0.2087665386363401,C,0.0,0.15,0.895164738662031,-0.0033101633101768157,,0.0,0.0,0.0,0.0,0.0,0.0,0.0,False,0.2087665386363401,C,0.0,0.15,0.895164738662031,0.0
E369,0.19440472928530825,B,0.6247304237991453,0.1217202424340541,0.2026339023019052,229,199,***网络技术有限公司,False,正面/轻影响,0.9,0.9,0.21143808110394063,C,0.0,0.15,0.885864918999995,-0.002374414517821403,,0.0,0.0,0.0,0.0,0.0,0.0,0.0,False,0.21143808110394063,C,0.0,0.15,0.895164738662031,0.0
E345,0.19638421008918625,B,0.6641742495317855,0.10588067639260343,0.2094038908122122,230,163,***科技有限公司,False,正面/轻影响,0.9,0.9,0.2135450255261592,C,0.0,0.15,0.885864918999995,-0.002543860669237829,,0.0,0.0,0.0,0.0,0.0,0.0,0.0,False,0.2135450255261592,C,0.0,0.15,0.895164738662031,0.0
E351,0.21834494155671338,C,0.620266304257853,0.1208717916359479,0.19743494013753224,231,206,***文化传播有限公司,False,其他,0.3,1.0,0.21834494155671338,C,0.0,0.15,0.895164738662031,-0.004063279090195089,,0.0,0.0,0.0,0.0,0.0,0.0,0.0,False,0.21834494155671338,C,0.0,0.15,0.895164738662031,0.0
E347,0.22002714473593388,C,0.6409655507702017,0.11564577634046522,0.20645639683135397,232,187,***不锈钢材料有限公司,False,其他,0.3,1.0,0.22002714473593388,C,0.0,0.15,0.895164738662031,-0.004195544747632947,,0.0,0.0,0.0,0.0,0.0,0.0,0.0,False,0.22002714473593388,C,0.0,0.15,0.895164738662031,0.0
E331,0.22867134181004434,C,0.6408801141305505,0.11458453281703257,0.20448588718941446,233,188,***广告有限公司,False,其他,0.3,1.0,0.22867134181004437,C,0.0,0.15,0.895164738662031,-0.004875207242123903,,0.0,0.0,0.0,0.0,0.0,0.0,0.0,False,0.22867134181004437,C,0.0,0.15,0.895164738662031,0.0
E400,0.2309816408448649,C,0.5658004719391663,0.14642214027151534,0.19080102743999078,234,252,***办公用品经营部,False,其他,0.3,1.0,0.2309816408448649,C,0.0,0.15,0.895164738662031,-0.005056857844437106,,0.0,0.0,0.0,0.0,0.0,0.0,0.0,False,0.2309816408448649,C,0.0,0.15,0.895164738662031,0.0
E232,0.23318005229026395,C,0.5992330268933961,0.1315294132620313,0.1966648294981987,235,226,***投资发展有限责任公司,False,其他,0.3,1.0,0.23318005229026398,C,0.0,0.15,0.895164738662031,-0.005229711123242201,,0.0,0.0,0.0,0.0,0.0,0.0,0.0,False,0.23318005229026398,C,0.0,0.15,0.895164738662031,0.0
E412,0.2614700923425318,C,0.6139524122026562,0.1275014585308706,0.20277248323457484,236,212,***汽车贸易有限公司,False,中度负面,0.9,1.15,0.23539333918482866,C,0.0,0.15,0.895164738662031,-0.007454056429848037,,0.0,0.0,0.0,0.0,0.0,0.0,0.0,False,0.23539333918482866,C,0.0,0.15,0.895164738662031,0.0
E323,0.27141177515084036,C,0.6699425008804905,0.10230300209054419,0.20765208865411908,237,159,***建筑装饰工程有限公司,False,中度负面,0.9,1.15,0.24467200399201594,C,0.0,0.15,0.895164738662031,-0.008235735616359202,,0.0,0.0,0.0,0.0,0.0,0.0,0.0,False,0.24467200399201594,C,0.0,0.15,0.895164738662031,0.0
E350,0.24820110615314145,C,0.6609993075758169,0.10555834000181163,0.20582255791602844,238,168,***演艺设备有限公司,False,其他,0.3,1.0,0.24820110615314145,C,0.0,0.15,0.895164738662031,-0.006410763203707056,,0.0,0.0,0.0,0.0,0.0,0.0,0.0,False,0.24820110615314145,C,0.0,0.15,0.895164738662031,0.0
E379,0.25845384648802255,C,0.6214080425579221,0.1228307481399797,0.20161023832437752,239,204,***药业有限公司,False,其他,0.3,1.0,0.25845384648802255,C,0.0,0.15,0.895164738662031,-0.007216899738035255,,0.0,0.0,0.0,0.0,0.0,0.0,0.0,False,0.25845384648802255,C,0.0,0.15,0.895164738662031,0.0
E389,0.259512925262934,C,0.5597870153124482,0.1519361423230091,0.19320620378667733,240,255,***清洁服务有限公司,False,其他,0.3,1.0,0.259512925262934,C,0.0,0.15,0.895164738662031,-0.007300171338144258,,0.0,0.0,0.0,0.0,0.0,0.0,0.0,False,0.259512925262934,C,0.0,0.15,0.895164738662031,0.0
E363,0.28922455853455614,C,0.6285493904199223,0.11809180385930006,0.1998288047319795,241,197,***建筑工程设计有限公司,False,中度负面,0.9,1.15,0.261359383821976,C,0.0,0.15,0.895164738662031,-0.009636291467250558,,0.0,0.0,0.0,0.0,0.0,0.0,0.0,False,0.261359383821976,C,0.0,0.15,0.895164738662031,0.0
E403,0.26914550921639036,C,0.6212373302897494,0.12594340954190486,0.20656932102431017,242,205,***机械有限公司,False,其他,0.3,1.0,0.26914550921639036,C,0.0,0.15,0.895164738662031,-0.00805754718023465,,0.0,0.0,0.0,0.0,0.0,0.0,0.0,False,0.26914550921639036,C,0.0,0.15,0.895164738662031,0.0
E409,0.2712380138984369,C,0.599858965581021,0.13216115419990873,0.19812527691259169,243,225,***塑胶有限公司,False,其他,0.3,1.0,0.2712380138984369,C,0.0,0.15,0.895164738662031,-0.008222073386629605,,0.0,0.0,0.0,0.0,0.0,0.0,0.0,False,0.2712380138984369,C,0.0,0.15,0.895164738662031,0.0
E293,0.2755144608310387,C,0.6180334962965813,0.12064631552131848,0.19520943191091034,244,207,***物资有限公司,False,其他,0.3,1.0,0.2755144608310387,C,0.0,0.15,0.895164738662031,-0.008558315210462554,,0.0,0.0,0.0,0.0,0.0,0.0,0.0,False,0.2755144608310387,C,0.0,0.15,0.895164738662031,0.0
E324,0.2827724170314503,C,0.47893342801415967,0.18455200252271578,0.16962923351276507,245,289,***汽贸有限公司,False,其他,0.3,1.0,0.2827724170314503,C,0.0,0.15,0.895164738662031,-0.009128982511749815,,0.0,0.0,0.0,0.0,0.0,0.0,0.0,False,0.2827724170314503,C,0.0,0.15,0.895164738662031,0.0
E362,0.3315401072727047,C,0.5765258013562131,0.14143290263300948,0.19254943462853022,246,244,***建材有限公司,False,中度负面,0.9,1.15,0.3013264139236129,C,0.0,0.15,0.895164738662031,-0.01296341267521809,,0.0,0.0,0.0,0.0,0.0,0.0,0.0,False,0.3013264139236129,C,0.0,0.15,0.895164738662031,0.0
E395,0.2802901975602449,C,0.6006812532041108,0.13419128830487065,0.20185927125842026,247,221,***网络科技有限公司,False,正面/轻影响,0.9,0.9,0.30202740603298395,C,0.0,0.15,0.895164738662031,-0.00893381441652831,,0.0,0.0,0.0,0.0,0.0,0.0,0.0,False,0.30202740603298395,C,0.0,0.15,0.895164738662031,0.0
E297,0.33259070851210054,C,0.5907729447122785,0.13137991593522588,0.1896641456380115,248,231,***建筑机械租赁有限公司,False,中度负面,0.9,1.15,0.30232457404744284,C,0.0,0.15,0.895164738662031,-0.013046017716838628,,0.0,0.0,0.0,0.0,0.0,0.0,0.0,False,0.30232457404744284,C,0.0,0.15,0.895164738662031,0.0
E366,0.3362569518024849,C,0.5647633403194761,0.14503829335968485,0.18820177301281948,249,254,***房地产经纪有限公司,False,中度负面,0.9,1.15,0.3058100569018604,C,0.0,0.15,0.895164738662031,-0.013334281396945645,,0.0,0.0,0.0,0.0,0.0,0.0,0.0,False,0.3058100569018604,C,0.0,0.15,0.895164738662031,0.0
E407,0.3375356400746237,C,0.6244786294369015,0.12020174706303645,0.19989121298020307,250,201,***装饰工程有限公司,False,中度负面,0.9,1.15,0.3070265209249267,C,0.0,0.15,0.895164738662031,-0.013434820111330249,,0.0,0.0,0.0,0.0,0.0,0.0,0.0,False,0.3070265209249267,C,0.0,0.15,0.895164738662031,0.0
E361,0.31395206573995216,C,0.6121812065019347,0.1221516275673507,0.19281925475003778,251,213,***勘察设计工程有限公司,False,其他,0.3,1.0,0.3139520657399521,C,0.0,0.15,0.895164738662031,-0.011580527477336212,,0.0,0.0,0.0,0.0,0.0,0.0,0.0,False,0.3139520657399521,C,0.0,0.15,0.895164738662031,0.0
E218,0.3565603989634236,C,0.5349745795604217,0.15329220591573578,0.17635043119178412,252,269,***建设工程有限公司,False,中度负面,0.9,1.15,0.3251757552314864,C,0.0,0.15,0.895164738662031,-0.014930669288829638,,0.0,0.0,0.0,0.0,0.0,0.0,0.0,False,0.3251757552314864,C,0.0,0.15,0.895164738662031,0.0
E383,0.305533677022231,C,0.5378613134812951,0.15364980098665046,0.17882572090504795,253,266,***通讯器材经营部,False,正面/轻影响,0.9,0.9,0.3283354696535811,C,0.0,0.15,0.895164738662031,-0.010918619491386032,,0.0,0.0,0.0,0.0,0.0,0.0,0.0,False,0.3283354696535811,C,0.0,0.15,0.895164738662031,0.0
E386,0.33073469755252427,C,0.6005362604217467,0.13256532794877232,0.19929289800368188,254,222,个体经营E386 ,False,未知,0.0,1.0,0.3307346975525242,C,0.0,0.15,0.895164738662031,-0.012900086171343646,,0.0,0.0,0.0,0.0,0.0,0.0,0.0,False,0.3307346975525242,C,0.0,0.15,0.895164738662031,0.0
E320,0.370780278366095,C,0.5839294448320695,0.13510090762112328,0.18960581806052254,255,237,***建筑设计有限公司,False,中度负面,0.9,1.15,0.33880304474099754,C,0.0,0.15,0.895164738662031,-0.01604872786885973,,0.0,0.0,0.0,0.0,0.0,0.0,0.0,False,0.33880304474099754,C,0.0,0.15,0.895164738662031,0.0
E307,0.3201511569915614,C,0.6119538236392901,0.12659219570275032,0.19963752491966344,256,214,***通信工程有限公司,False,正面/轻影响,0.9,0.9,0.3435042539534332,C,0.0,0.15,0.895164738662031,-0.01206793999090149,,0.0,0.0,0.0,0.0,0.0,0.0,0.0,False,0.3435042539534332,C,0.0,0.15,0.895164738662031,0.0
E365,0.32712963134601714,C,0.5839669200410965,0.13560587072983327,0.19034386082331314,257,236,***信息技术有限公司,False,正面/轻影响,0.9,0.9,0.35072915706738,C,0.0,0.15,0.895164738662031,-0.012616632627918753,,0.0,0.0,0.0,0.0,0.0,0.0,0.0,False,0.35072915706738,C,0.0,0.15,0.895164738662031,0.0
E398,0.32878190284673076,C,0.6163358015268665,0.1276465683617133,0.2050573140169598,258,210,***医疗管理咨询有限公司,False,正面/轻影响,0.9,0.9,0.3524381921142363,C,0.0,0.15,0.895164738662031,-0.012746544863852695,,0.0,0.0,0.0,0.0,0.0,0.0,0.0,False,0.3524381921142363,C,0.0,0.15,0.895164738662031,0.0
E352,0.3851602266572757,C,0.45777168921093714,0.19041456411943639,0.16075589365754842,259,291,***居装饰工程有限公司,False,中度负面,0.9,1.15,0.35263785942329356,C,0.0,0.15,0.895164738662031,-0.017179372096709035,,0.0,0.0,0.0,0.0,0.0,0.0,0.0,False,0.35263785942329356,C,0.0,0.15,0.895164738662031,0.0
E397,0.36666429543096646,C,0.5286564045623064,0.1547385311637787,0.17355389215871758,260,272,***大闸蟹经营部,False,其他,0.3,1.0,0.36666429543096646,C,0.0,0.15,0.895164738662031,-0.015725102758859615,,0.0,0.0,0.0,0.0,0.0,0.0,0.0,False,0.36666429543096646,C,0.0,0.15,0.895164738662031,0.0
E377,0.38664221876392296,C,0.6001884624830083,0.12929563134968144,0.19409581491188738,261,224,***文化传播有限公司,False,其他,0.3,1.0,0.38664221876392296,C,0.0,0.15,0.895164738662031,-0.017295895869059916,,0.0,0.0,0.0,0.0,0.0,0.0,0.0,False,0.38664221876392296,C,0.0,0.15,0.895164738662031,0.0
E371,0.3684621023679284,C,0.5746439280471473,0.13902749756477534,0.1878221861049229,262,247,***自动化科技有限公司,False,正面/轻影响,0.9,0.9,0.39330052077042366,C,0.0,0.15,0.895164738662031,-0.01586645792891333,,0.0,0.0,0.0,0.0,0.0,0.0,0.0,False,0.39330052077042366,C,0.0,0.15,0.895164738662031,0.0
E376,0.43662323320187213,D,0.5540660207500092,0.1497119980590872,0.18601482480129547,263,259,***建筑装饰设计有限责任公司,True,中度负面,0.9,1.15,0.4026008393263854,D,0.0,0.0,0.0,0.0,预测D级,0.0,0.0,0.0,0.0,0.0,0.0,0.0,False,0.4026008393263854,D,0.0,0.0,0.0,0.0
E378,0.4574808835270205,D,0.5055084930359411,0.158489252137621,0.16202030142512697,264,279,***商贸有限公司,True,中度负面,0.9,1.15,0.42305367743187283,D,0.0,0.0,0.0,0.0,预测D级,0.0,0.0,0.0,0.0,0.0,0.0,0.0,False,0.42305367743187283,D,0.0,0.0,0.0,0.0
E408,0.44449670906520944,D,0.5706880360816925,0.14147605169913072,0.1880653158599895,265,248,***空调制冷有限责任公司,True,其他,0.3,1.0,0.44449670906520944,D,0.0,0.0,0.0,0.0,预测D级,0.0,0.0,0.0,0.0,0.0,0.0,0.0,False,0.44449670906520944,D,0.0,0.0,0.0,0.0
E349,0.4544389367361993,D,0.528556946694696,0.16821405579705354,0.18859267752460393,266,273,***营销策划广告有限公司,True,其他,0.3,1.0,0.4544389367361993,D,0.0,0.0,0.0,0.0,预测D级,0.0,0.0,0.0,0.0,0.0,0.0,0.0,False,0.4544389367361993,D,0.0,0.0,0.0,0.0
E380,0.4972141844742176,D,0.5288852180552697,0.1608809117018252,0.18060892870971854,267,271,***建材有限公司,True,中度负面,0.9,1.15,0.4623451006979057,D,0.0,0.0,0.0,0.0,预测D级,0.0,0.0,0.0,0.0,0.0,0.0,0.0,False,0.4623451006979057,D,0.0,0.0,0.0,0.0
E422,0.5080286998066487,D,0.5669829792160676,0.14818351808728625,0.19402824490303533,268,250,***童装店,True,其他,0.3,1.0,0.5080286998066487,D,0.0,0.0,0.0,0.0,预测D级,0.0,0.0,0.0,0.0,0.0,0.0,0.0,False,0.5080286998066487,D,0.0,0.0,0.0,0.0
E396,0.5096055632469612,D,0.5679673772018784,0.1393735517447781,0.18322604928096195,269,249,***文化传播有限公司,True,其他,0.3,1.0,0.5096055632469612,D,0.0,0.0,0.0,0.0,预测D级,0.0,0.0,0.0,0.0,0.0,0.0,0.0,False,0.5096055632469612,D,0.0,0.0,0.0,0.0
E399,0.5445668638894382,D,0.5787299551455131,0.1444363414041692,0.19842293180634288,270,241,***装饰工程有限公司,True,中度负面,0.9,1.15,0.5097437356672883,D,0.0,0.0,0.0,0.0,预测D级,0.0,0.0,0.0,0.0,0.0,0.0,0.0,False,0.5097437356672883,D,0.0,0.0,0.0,0.0
E411,0.5108599513751324,D,0.549942753996312,0.14182111345756943,0.1732968292416739,271,262,***机电设备有限公司,True,其他,0.3,1.0,0.5108599513751324,D,0.0,0.0,0.0,0.0,预测D级,0.0,0.0,0.0,0.0,0.0,0.0,0.0,False,0.5108599513751324,D,0.0,0.0,0.0,0.0
E384,0.5266703793243871,D,0.4936573573732296,0.1671208936862944,0.16293405254402077,272,285,个体经营E384 ,True,未知,0.0,1.0,0.526670379324387,D,0.0,0.0,0.0,0.0,预测D级,0.0,0.0,0.0,0.0,0.0,0.0,0.0,False,0.526670379324387,D,0.0,0.0,0.0,0.0
E336,0.5293121427385697,D,0.5356559180043756,0.16029641846863704,0.18491400777331415,273,267,***猕猴桃专业合作社,True,其他,0.3,1.0,0.5293121427385699,D,0.0,0.0,0.0,0.0,预测D级,0.0,0.0,0.0,0.0,0.0,0.0,0.0,False,0.5293121427385699,D,0.0,0.0,0.0,0.0
E390,0.572263999738229,D,0.5352940888175631,0.16149857400450854,0.1860299814071882,274,268,***建筑工程有限公司,True,中度负面,0.9,1.15,0.5377610365102041,D,0.0,0.0,0.0,0.0,预测D级,0.0,0.0,0.0,0.0,0.0,0.0,0.0,False,0.5377610365102041,D,0.0,0.0,0.0,0.0
E291,0.5901726340223492,D,0.43236551605504153,0.1864482042913851,0.14201704855161223,275,299,***文业建设工程有限公司,True,中度负面,0.9,1.15,0.5559934352612516,D,0.0,0.0,0.0,0.0,预测D级,0.0,0.0,0.0,0.0,0.0,0.0,0.0,False,0.5559934352612516,D,0.0,0.0,0.0,0.0
E360,0.5949902695674851,D,0.5114398679105747,0.17549529601243768,0.18371390769785462,276,277,***建筑劳务有限公司,True,中度负面,0.9,1.15,0.5609139296509208,D,0.0,0.0,0.0,0.0,预测D级,0.0,0.0,0.0,0.0,0.0,0.0,0.0,False,0.5609139296509208,D,0.0,0.0,0.0,0.0
E406,0.5706048298203987,D,0.5841604666934588,0.13457692727023904,0.189050136756485,277,235,***招投标代理有限公司,True,其他,0.3,1.0,0.5706048298203987,D,0.0,0.0,0.0,0.0,预测D级,0.0,0.0,0.0,0.0,0.0,0.0,0.0,False,0.5706048298203987,D,0.0,0.0,0.0,0.0
E381,0.5500397346094082,D,0.43764635488705766,0.19652283011580904,0.15294201611336347,278,297,***通信网络工程有限公司,True,正面/轻影响,0.9,0.9,0.5759554409140943,D,0.0,0.0,0.0,0.0,预测D级,0.0,0.0,0.0,0.0,0.0,0.0,0.0,False,0.5759554409140943,D,0.0,0.0,0.0,0.0
E240,0.6204809997885711,D,0.5044259139856231,0.1769551493964369,0.1801158807286195,279,280,个体经营E240 ,True,未知,0.0,1.0,0.6204809997885711,D,0.0,0.0,0.0,0.0,预测D级,0.0,0.0,0.0,0.0,0.0,0.0,0.0,False,0.6204809997885711,D,0.0,0.0,0.0,0.0
E420,0.6231680503851171,D,0.43945208024370647,0.20214524986408783,0.15847556905175697,280,296,***康药房,True,其他,0.3,1.0,0.6231680503851171,D,0.0,0.0,0.0,0.0,预测D级,0.0,0.0,0.0,0.0,0.0,0.0,0.0,False,0.6231680503851171,D,0.0,0.0,0.0,0.0
E416,0.6099161318291949,D,0.49495488308320323,0.1726186447550994,0.16916991823290256,281,284,***科技有限公司,True,正面/轻影响,0.9,0.9,0.6346737301994547,D,0.0,0.0,0.0,0.0,预测D级,0.0,0.0,0.0,0.0,0.0,0.0,0.0,False,0.6346737301994547,D,0.0,0.0,0.0,0.0
E394,0.66277519716227,D,0.5939847489838708,0.13131880332325083,0.19211437558961245,282,229,***环保设计研究院（有限合伙）,True,其他,0.3,1.0,0.66277519716227,D,0.0,0.0,0.0,0.0,预测D级,0.0,0.0,0.0,0.0,0.0,0.0,0.0,False,0.66277519716227,D,0.0,0.0,0.0,0.0
E187,0.6676408856595872,D,0.46612167072481203,0.1911000384245089,0.16684675946098132,283,290,个体经营E187 ,True,未知,0.0,1.0,0.6676408856595872,D,0.0,0.0,0.0,0.0,预测D级,0.0,0.0,0.0,0.0,0.0,0.0,0.0,False,0.6676408856595872,D,0.0,0.0,0.0,0.0
E373,0.6867396516242826,D,0.4526306986719358,0.19614696492596076,0.16219787547713788,284,294,个体经营E373 ,True,未知,0.0,1.0,0.6867396516242826,D,0.0,0.0,0.0,0.0,预测D级,0.0,0.0,0.0,0.0,0.0,0.0,0.0,False,0.6867396516242826,D,0.0,0.0,0.0,0.0
E405,0.690660903967762,D,0.5008066584182438,0.16931225228087898,0.16985944368844638,285,282,***职业技能服务有限公司,True,其他,0.3,1.0,0.690660903967762,D,0.0,0.0,0.0,0.0,预测D级,0.0,0.0,0.0,0.0,0.0,0.0,0.0,False,0.690660903967762,D,0.0,0.0,0.0,0.0
E402,0.7280831343952504,D,0.48632222475922143,0.17028783380554072,0.1612192743727738,286,288,***商贸有限公司,True,中度负面,0.9,1.15,0.6995502093560634,D,0.0,0.0,0.0,0.0,预测D级,0.0,0.0,0.0,0.0,0.0,0.0,0.0,False,0.6995502093560634,D,0.0,0.0,0.0,0.0
E242,0.7093377336511719,D,0.45499825640340513,0.192964037912246,0.16109728423845185,287,292,个体经营E242 ,True,未知,0.0,1.0,0.7093377336511719,D,0.0,0.0,0.0,0.0,预测D级,0.0,0.0,0.0,0.0,0.0,0.0,0.0,False,0.7093377336511719,D,0.0,0.0,0.0,0.0
E264,0.7121724165705832,D,0.4348677972930069,0.20644655950221483,0.15886010416574145,288,298,个体经营E264 ,True,未知,0.0,1.0,0.7121724165705832,D,0.0,0.0,0.0,0.0,预测D级,0.0,0.0,0.0,0.0,0.0,0.0,0.0,False,0.7121724165705832,D,0.0,0.0,0.0,0.0
E418,0.7123981652605675,D,0.5256848185045385,0.16333321657162497,0.18102265257145,289,274,***营销策划有限公司,True,其他,0.3,1.0,0.7123981652605675,D,0.0,0.0,0.0,0.0,预测D级,0.0,0.0,0.0,0.0,0.0,0.0,0.0,False,0.7123981652605675,D,0.0,0.0,0.0,0.0
E414,0.7648528413327508,D,0.49973083550616487,0.1754283364672636,0.17523956177259567,290,283,***物流有限责任公司***分公司,True,中度负面,0.9,1.15,0.7387940433139173,D,0.0,0.0,0.0,0.0,预测D级,0.0,0.0,0.0,0.0,0.0,0.0,0.0,False,0.7387940433139173,D,0.0,0.0,0.0,0.0
E413,0.7520976263697071,D,0.5441888883737563,0.15885377783949164,0.18965413209875642,291,264,***石材工艺品有限公司,True,其他,0.3,1.0,0.7520976263697072,D,0.0,0.0,0.0,0.0,预测D级,0.0,0.0,0.0,0.0,0.0,0.0,0.0,False,0.7520976263697072,D,0.0,0.0,0.0,0.0
E417,0.7569666724661213,D,0.4934090438357706,0.17410880932252118,0.1695783552507004,292,286,***园林景观工程有限公司,True,其他,0.3,1.0,0.7569666724661214,D,0.0,0.0,0.0,0.0,预测D级,0.0,0.0,0.0,0.0,0.0,0.0,0.0,False,0.7569666724661214,D,0.0,0.0,0.0,0.0
E401,0.7374776870830426,D,0.5426181685897916,0.1504841093569433,0.1785278867972717,293,265,***遮阳技术发展中心,True,正面/轻影响,0.9,0.9,0.7573600790493429,D,0.0,0.0,0.0,0.0,预测D级,0.0,0.0,0.0,0.0,0.0,0.0,0.0,False,0.7573600790493429,D,0.0,0.0,0.0,0.0
E385,0.7840651729876744,D,0.5312449652854028,0.1567076796116136,0.17759844620317472,294,270,***装饰工程有限公司,True,中度负面,0.9,1.15,0.7594659022539301,D,0.0,0.0,0.0,0.0,预测D级,0.0,0.0,0.0,0.0,0.0,0.0,0.0,False,0.7594659022539301,D,0.0,0.0,0.0,0.0
E368,0.7486894871765398,D,0.5138159130557373,0.15930699664952097,0.1683610635101368,295,276,***通信科技有限责任公司,True,正面/轻影响,0.9,0.9,0.7679898802412043,D,0.0,0.0,0.0,0.0,预测D级,0.0,0.0,0.0,0.0,0.0,0.0,0.0,False,0.7679898802412043,D,0.0,0.0,0.0,0.0
E421,0.7822067500013969,D,0.5039278714829714,0.17588348453879524,0.17866875580695057,296,281,***保温材料有限公司,True,其他,0.3,1.0,0.7822067500013968,D,0.0,0.0,0.0,0.0,预测D级,0.0,0.0,0.0,0.0,0.0,0.0,0.0,False,0.7822067500013968,D,0.0,0.0,0.0,0.0
E423,0.7988930648673301,D,0.4527074491697276,0.18338946307791004,0.1516954248850237,297,293,***通风设备有限公司,True,其他,0.3,1.0,0.7988930648673302,D,0.0,0.0,0.0,0.0,预测D级,0.0,0.0,0.0,0.0,0.0,0.0,0.0,False,0.7988930648673302,D,0.0,0.0,0.0,0.0
E217,0.8167097399687954,D,0.4185798971886918,0.20871256646999378,0.15025776403770202,298,301,个体经营E217 ,True,未知,0.0,1.0,0.8167097399687954,D,0.0,0.0,0.0,0.0,预测D级,0.0,0.0,0.0,0.0,0.0,0.0,0.0,False,0.8167097399687954,D,0.0,0.0,0.0,0.0
E419,0.8561674176362756,D,0.42308651541609316,0.21373837922484076,0.156747638065945,299,300,***科技有限公司,True,正面/轻影响,0.9,0.9,0.8686616017746208,D,0.0,0.0,0.0,0.0,预测D级,0.0,0.0,0.0,0.0,0.0,0.0,0.0,False,0.8686616017746208,D,0.0,0.0,0.0,0.0
E425,0.8915952836968654,D,0.4912986974154632,0.17751092748048353,0.1714383018189333,300,287,***商贸有限公司,True,中度负面,0.9,1.15,0.8773292887983726,D,0.0,0.0,0.0,0.0,预测D级,0.0,0.0,0.0,0.0,0.0,0.0,0.0,False,0.8773292887983726,D,0.0,0.0,0.0,0.0
E404,0.8836148435489724,D,0.4403590320505812,0.18748259738769843,0.14752253648349342,301,295,个体经营E404 ,True,未知,0.0,1.0,0.8836148435489724,D,0.0,0.0,0.0,0.0,预测D级,0.0,0.0,0.0,0.0,0.0,0.0,0.0,False,0.8836148435489724,D,0.0,0.0,0.0,0.0
E424,0.9285007290932114,D,0.35067622963441586,0.2238967649487267,0.12091852623130774,302,302,***贸易有限公司,True,其他,0.3,1.0,0.9285007290932114,D,0.0,0.0,0.0,0.0,预测D级,0.0,0.0,0.0,0.0,0.0,0.0,0.0,False,0.9285007290932114,D,0.0,0.0,0.0,0.0
